Dia,Hora de início,Impressões
Domingo,00,4.935
Domingo,01,1.795
Domingo,02,2.157
Domingo,03,1.230
Domingo,04,1.128
Domingo,05,1.222
Domingo,06,1.356
Domingo,07,2.776
Domingo,08,4.064
Domingo,09,4.224
Domingo,10,4.394
Domingo,11,2.217
Domingo,12,802
Domingo,13,368
Domingo,14,182
Domingo,15,152
Domingo,16,168
Domingo,17,225
Domingo,18,189
Domingo,19,248
Domingo,20,239
Domingo,21,179
Domingo,22,102
Domingo,23,90
Segunda-feira,00,4.434
Segunda-feira,01,1.279
Segunda-feira,02,1.385
Segunda-feira,03,985
Segunda-feira,04,1.226
Segunda-feira,05,1.686
Segunda-feira,06,2.548
Segunda-feira,07,2.975
Segunda-feira,08,3.399
Segunda-feira,09,4.182
Segunda-feira,10,4.337
Segunda-feira,11,4.275
Segunda-feira,12,3.217
Segunda-feira,13,1.528
Segunda-feira,14,680
Segunda-feira,15,657
Segunda-feira,16,671
Segunda-feira,17,650
Segunda-feira,18,543
Segunda-feira,19,537
Segunda-feira,20,485
Segunda-feira,21,465
Segunda-feira,22,209
Segunda-feira,23,83
Terça-feira,00,4.060
Terça-feira,01,928
Terça-feira,02,1.085
Terça-feira,03,980
Terça-feira,04,853
Terça-feira,05,1.436
Terça-feira,06,2.688
Terça-feira,07,2.546
Terça-feira,08,3.180
Terça-feira,09,3.710
Terça-feira,10,3.817
Terça-feira,11,3.728
Terça-feira,12,3.312
Terça-feira,13,1.354
Terça-feira,14,907
Terça-feira,15,1.130
Terça-feira,16,760
Terça-feira,17,551
Terça-feira,18,487
Terça-feira,19,235
Terça-feira,20,263
Terça-feira,21,272
Terça-feira,22,200
Terça-feira,23,123
Quarta-feira,00,5.872
Quarta-feira,01,1.592
Quarta-feira,02,1.208
Quarta-feira,03,964
Quarta-feira,04,976
Quarta-feira,05,1.525
Quarta-feira,06,3.034
Quarta-feira,07,2.681
Quarta-feira,08,2.371
Quarta-feira,09,3.104
Quarta-feira,10,2.867
Quarta-feira,11,2.108
Quarta-feira,12,1.395
Quarta-feira,13,779
Quarta-feira,14,782
Quarta-feira,15,588
Quarta-feira,16,676
Quarta-feira,17,591
Quarta-feira,18,432
Quarta-feira,19,312
Quarta-feira,20,351
Quarta-feira,21,377
Quarta-feira,22,269
Quarta-feira,23,174
Quinta-feira,00,5.125
Quinta-feira,01,1.514
Quinta-feira,02,1.469
Quinta-feira,03,1.061
Quinta-feira,04,1.278
Quinta-feira,05,1.865
Quinta-feira,06,3.199
Quinta-feira,07,2.936
Quinta-feira,08,3.855
Quinta-feira,09,4.602
Quinta-feira,10,2.604
Quinta-feira,11,2.534
Quinta-feira,12,1.322
Quinta-feira,13,718
Quinta-feira,14,738
Quinta-feira,15,457
Quinta-feira,16,449
Quinta-feira,17,494
Quinta-feira,18,457
Quinta-feira,19,292
Quinta-feira,20,294
Quinta-feira,21,297
Quinta-feira,22,142
Quinta-feira,23,80
Sexta-feira,00,4.996
Sexta-feira,01,1.715
Sexta-feira,02,1.440
Sexta-feira,03,1.070
Sexta-feira,04,1.058
Sexta-feira,05,1.849
Sexta-feira,06,3.366
Sexta-feira,07,3.681
Sexta-feira,08,3.667
Sexta-feira,09,3.857
Sexta-feira,10,4.024
Sexta-feira,11,2.142
Sexta-feira,12,1.387
Sexta-feira,13,597
Sexta-feira,14,584
Sexta-feira,15,484
Sexta-feira,16,477
Sexta-feira,17,283
Sexta-feira,18,238
Sexta-feira,19,283
Sexta-feira,20,323
Sexta-feira,21,305
Sexta-feira,22,181
Sexta-feira,23,92
Sábado,00,6.581
Sábado,01,2.039
Sábado,02,1.646
Sábado,03,1.071
Sábado,04,981
Sábado,05,1.414
Sábado,06,2.525
Sábado,07,2.830
Sábado,08,3.294
Sábado,09,3.875
Sábado,10,2.792
Sábado,11,1.902
Sábado,12,1.202
Sábado,13,712
Sábado,14,156
Sábado,15,173
Sábado,16,207
Sábado,17,184
Sábado,18,154
Sábado,19,169
Sábado,20,375
Sábado,21,173
Sábado,22,367
Sábado,23,553
