Palavra-chave da rede de pesquisa,Tipo de corresp.,Status do critério,Status da campanha,Status do grupo de anúncios,Custo,Cliques,CTR
marido de aluguel blumenau,Corresp. exata,Ativado,Pausado,Ativado,"R$ 146,26",272,"11,13%"
instalador de tv,Correspondência ampla,Ativado,Pausado,Ativado,"R$ 139,94",83,"7,67%"
eletricista residencial blumenau,Correspondência ampla,Ativado,Ativado,Ativado,"R$ 133,94",81,"7,90%"
eletricista blumenau,Corresp. exata,Ativado,Pausado,Ativado,"R$ 122,76",183,"7,42%"
serviço de instalação de tv,Correspondência ampla,Ativado,Pausado,Ativado,"R$ 98,29",159,"7,89%"
serviços marido de aluguel,Corresp. exata,Ativado,Pausado,Ativado,"R$ 94,69",139,"9,22%"
marido de aluguel blumenau,Corresp. exata,Ativado,Pausado,Ativado,"R$ 89,57",163,"13,11%"
eletricista blumenau,Corresp. exata,Ativado,Ativado,Ativado,"R$ 58,69",36,"6,62%"
eletricista em blumenau,Corresp. exata,Ativado,Pausado,Ativado,"R$ 54,19",72,"7,86%"
eletricista blumenau,Corresp. exata,Ativado,Pausado,Ativado,"R$ 53,00",74,"6,70%"
serviços marido de aluguel,Corresp. exata,Ativado,Pausado,Ativado,"R$ 38,99",55,"8,79%"
trocar disjuntor,Correspondência ampla,Ativado,Ativado,Ativado,"R$ 36,07",21,"7,55%"
+instalação de +chuveiro,Correspondência ampla,Removido,Removido,Ativado,"R$ 36,01",14,"3,47%"
técnico para instalar tv,Correspondência ampla,Ativado,Pausado,Ativado,"R$ 35,18",10,"5,92%"
ar condicionado instalação,Corresp. exata,Ativado,Pausado,Ativado,"R$ 28,60",35,"6,28%"
+troca de +resistência,Correspondência ampla,Ativado,Removido,Ativado,"R$ 26,18",11,"1,59%"
instalação tv parede,Correspondência ampla,Ativado,Pausado,Ativado,"R$ 23,59",11,"4,44%"
+troca de +chuveiro,Correspondência ampla,Ativado,Removido,Ativado,"R$ 21,70",7,"2,83%"
instalar televisão,Correspondência ampla,Ativado,Pausado,Ativado,"R$ 17,01",21,"4,18%"
conserto de chuveiro blumenau,Corresp. exata,Ativado,Ativado,Ativado,"R$ 16,86",11,"28,21%"
serviços de eletricista,Corresp. exata,Ativado,Pausado,Ativado,"R$ 16,39",20,"6,56%"
serviço de manutenção de ar condicionado,Corresp. exata,Ativado,Pausado,Ativado,"R$ 13,28",17,"7,11%"
manutenção de ar condicionado,Corresp. exata,Ativado,Pausado,Ativado,"R$ 12,50",15,"7,39%"
instalação de tv na parede,Correspondência ampla,Removido,Pausado,Ativado,"R$ 8,05",11,"6,83%"
serviços de eletricista,Corresp. exata,Ativado,Pausado,Ativado,"R$ 7,47",10,"4,72%"
+conserto +chuveiro,Correspondência ampla,Removido,Removido,Ativado,"R$ 7,28",3,"7,69%"
manutenção em ar condicionado,Corresp. exata,Ativado,Pausado,Ativado,"R$ 6,37",9,"11,84%"
+conserto de +chuveiro,Correspondência ampla,Removido,Removido,Ativado,"R$ 6,29",2,"5,56%"
serviço eletricista,Corresp. exata,Ativado,Pausado,Ativado,"R$ 4,73",6,"3,26%"
tv instalada na parede,Correspondência ampla,Ativado,Pausado,Ativado,"R$ 4,49",5,"5,75%"
instalação de tv em painel,Correspondência ampla,Ativado,Pausado,Ativado,"R$ 4,44",5,"6,10%"
fixar tv no painel,Correspondência ampla,Ativado,Pausado,Ativado,"R$ 3,69",5,"21,74%"
instalador de tv na parede,Correspondência ampla,Ativado,Pausado,Ativado,"R$ 2,58",3,"13,04%"
serviço eletricista,Corresp. exata,Ativado,Pausado,Ativado,"R$ 2,29",3,"25,00%"
instalação painel tv,Correspondência ampla,Ativado,Pausado,Ativado,"R$ 2,27",3,"4,62%"
+reparo de +chuveiro,Correspondência ampla,Removido,Removido,Ativado,"R$ 1,83",1,"1,28%"
instalação de painel de tv,Correspondência ampla,Ativado,Pausado,Ativado,"R$ 0,90",1,"3,13%"
manutenção de ar condicionado split,Corresp. exata,Ativado,Pausado,Ativado,"R$ 0,71",1,"33,33%"
marido de aluguel,Correspondência ampla,Removido,Pausado,Ativado,"R$ 0,71",1,"9,09%"
instalar painel de tv,Correspondência ampla,Removido,Pausado,Ativado,"R$ 0,21",1,"33,33%"
manutenção ar split,Corresp. exata,Ativado,Pausado,Ativado,"R$ 0,00",0,"0,00%"
Marido de aluguel blumenau,Correspondência ampla,Removido,Pausado,Ativado,"R$ 0,00",0,"0,00%"
serviços de marido de aluguel,Corresp. exata,Removido,Pausado,Ativado,"R$ 0,00",0,"0,00%"
serviço de instalação de ar condicionado,Corresp. exata,Ativado,Pausado,Ativado,"R$ 0,00",0,"0,00%"
serviço instalação ar condicionado,Corresp. exata,Ativado,Pausado,Ativado,"R$ 0,00",0,"0,00%"
serviço de instalação,Corresp. exata,Ativado,Pausado,Ativado,"R$ 0,00",0,"0,00%"
eletricista marido de aluguel,Corresp. exata,Removido,Pausado,Ativado,"R$ 0,00",0,"0,00%"
manutenção de ar,Corresp. exata,Ativado,Pausado,Ativado,"R$ 0,00",0,"0,00%"
serviço instalação de ar condicionado,Corresp. exata,Ativado,Pausado,Ativado,"R$ 0,00",0,"0,00%"
serviço de instalação,Corresp. exata,Ativado,Pausado,Ativado,"R$ 0,00",0,"0,00%"
