Palavra,Custo,Cliques,Impressões,Conversões,Principais consultas com a palavra
blumenau,"R$ 561,80",782,8.480,"0,00","(marido de aluguel blumenau, eletricista blumenau, eletricista em blumenau)"
de,"R$ 427,48",655,6.212,"0,00","(marido de aluguel blumenau, marido de aluguel, marido de aluguel em blumenau)"
marido,"R$ 380,27",596,5.546,"0,00","(marido de aluguel blumenau, marido de aluguel, marido de aluguel em blumenau)"
aluguel,"R$ 379,11",594,5.531,"0,00","(marido de aluguel blumenau, marido de aluguel, marido de aluguel em blumenau)"
eletricista,"R$ 292,45",356,5.008,"0,00","(eletricista blumenau, eletricista em blumenau, eletricista)"
em,"R$ 159,78",219,2.476,"0,00","(eletricista em blumenau, marido de aluguel em blumenau, eletricistas em blumenau)"
ar,"R$ 50,66",61,817,"0,00","(instalação de ar condicionado, conserto de ar condicionado, manutenção de ar condicionado)"
ar condicionado,"R$ 48,93",59,799,"0,00","(instalação de ar condicionado, conserto de ar condicionado, manutenção de ar condicionado)"
blumenau sc,"R$ 26,71",38,350,"0,00","(marido de aluguel blumenau sc, eletricista em blumenau sc, eletricista blumenau sc)"
instalação,"R$ 22,72",27,347,"0,00","(instalação de ar condicionado, instalação ar condicionado, ar condicionado instalação)"
conserto,"R$ 18,46",25,297,"0,00","(conserto de ar condicionado, conserto ar condicionado, conserto de televisão blumenau)"
eletricistas,"R$ 8,50",10,247,"0,00","(eletricistas em blumenau, eletricistas blumenau, eletricistas)"
residencial,"R$ 10,47",12,202,"0,00",(eletricista residencial blumenau)
tv,"R$ 7,51",10,163,"0,00","(conserto de tv itoupava central, assistência técnica tv blumenau, instalador de tv)"
eletrecista,"R$ 13,58",18,158,"0,00","(eletrecista blumenau, eletrecista em blumenau, eletrecista)"
manutenção,"R$ 9,05",11,117,"0,00","(manutenção de ar condicionado, ar condicionado manutenção, manutenção ar condicionado)"
mim,"R$ 7,34",9,69,"0,00","(marido de aluguel perto de mim, eletricista perto de mim, eletrica perto de mim)"
perto de,"R$ 5,56",7,61,"0,00","(marido de aluguel perto de mim, eletricista perto de mim, eletrica perto de mim)"
serviços,"R$ 4,39",5,55,"0,00","(marido de aluguel serviços, marido de aluguel serviços gerais, serviços de eletricista)"
eletrica,"R$ 5,99",3,49,"0,00","(eletrica blumenau, eletrica perto de mim, eletrica em blumenau)"
24 horas,"R$ 5,84",3,48,"0,00","(eletricista blumenau 24 horas, eletricista 24 horas blumenau)"
tecnico,"R$ 2,62",3,41,"0,00","(tecnico de ar condicionado, tecnico ar condicionado, tecnico de tv perto de mim)"
assistência,"R$ 2,66",3,40,"0,00","(assistência técnica tv blumenau, assistência tecnica ar condicionado, assistência de ar condicionado)"
televisão,"R$ 3,59",5,39,"0,00",(conserto de televisão blumenau)
tecnica,"R$ 0,93",1,36,"0,00","(assistência tecnica ar condicionado, assistencia tecnica tv, assistencia tecnica ar condicionado)"
itoupava central,"R$ 2,26",4,33,"0,00","(conserto de tv itoupava central, conserto de tv em blumenau itoupava central)"
assistencia,"R$ 0,93",1,31,"0,00","(assistencia tecnica tv, assistencia tecnica ar condicionado, assistencia tecnica tv blumenau)"
instalador de,"R$ 0,00",0,30,"0,00","(instalador de tv, instalador de ar condicionado, instalador de tv na parede)"
indaial,"R$ 4,22",3,25,"0,00","(eletricista em indaial, eletricista indaial, conserto tv indaial)"
instalar,"R$ 0,00",0,25,"0,00","(instalar ar condicionado, instalar tv)"
instalacao,"R$ 5,32",6,23,"0,00","(instalacao ar condicionado, instalacao de ar, instalacao de tv)"
faz,"R$ 6,17",4,22,"0,00",(faz tudo blumenau)
tudo,"R$ 6,17",4,22,"0,00",(faz tudo blumenau)
empresa,"R$ 0,89",1,21,"0,00","(empresa eletricista, empresa de marido de aluguel)"
técnica,"R$ 2,66",3,19,"0,00","(assistência técnica tv blumenau, assistência técnica de ar condicionado)"
pomerode,"R$ 0,00",0,17,"0,00",(eletricista pomerode)
manutencao,"R$ 0,00",0,17,"0,00","(manutencao ar condicionado, ar condicionado manutencao, manutencao de ar condicionado)"
brusque,"R$ 0,00",0,12,"0,00","(conserto tv brusque, conserto de tv em brusque)"
parede,"R$ 0,00",0,12,"0,00","(suporte tv parede, instalador de tv na parede)"
gerais,"R$ 1,73",2,12,"0,00",(marido de aluguel serviços gerais)
elétricas,"R$ 1,99",1,11,"0,00",(luis godoy instalações elétricas blumenau)
godoy,"R$ 1,99",1,11,"0,00",(luis godoy instalações elétricas blumenau)
instaladora,"R$ 0,00",0,11,"0,00",(instaladora)
luis,"R$ 1,99",1,11,"0,00",(luis godoy instalações elétricas blumenau)
instalações,"R$ 1,99",1,11,"0,00",(luis godoy instalações elétricas blumenau)
elétrica,"R$ 0,00",0,11,"0,00","(elétrica em blumenau, elétrica blumenau)"
arrumar,"R$ 0,00",0,11,"0,00",(arrumar ar condicionado)
na,"R$ 0,00",0,10,"0,00","(conectar na tv, instalador de tv na parede)"
instaladores,"R$ 0,00",0,10,"0,00",(instaladores de ar condicionado)
aliguel,"R$ 0,30",1,9,"0,00",(marido de aliguel)
proximo,"R$ 1,78",2,8,"0,00",(instalação de ar condicionado proximo a mim)
a,"R$ 1,78",2,8,"0,00",(instalação de ar condicionado proximo a mim)
serviço,"R$ 0,00",0,8,"0,00",(serviço marido de aluguel)
suporte,"R$ 0,00",0,7,"0,00",(suporte tv parede)
pedreiro,"R$ 0,00",0,7,"0,00",(marido de aluguel pedreiro)
técnico,"R$ 0,00",0,7,"0,00",(técnico ar condicionado)
servico,"R$ 0,89",1,7,"0,00",(servico de marido de aluguel)
casa,"R$ 0,00",0,6,"0,00",(quem arruma ar condicionado de casa)
arruma,"R$ 0,00",0,6,"0,00",(quem arruma ar condicionado de casa)
alguel,"R$ 0,86",1,6,"0,00",(marido de alguel)
quem,"R$ 0,00",0,6,"0,00",(quem arruma ar condicionado de casa)
residenciais,"R$ 0,88",1,5,"0,00",(marido de aluguel serviços residenciais)
me,"R$ 0,00",0,5,"0,00",(eletrica near me)
near,"R$ 0,00",0,5,"0,00",(eletrica near me)
eletricos,"R$ 0,00",0,5,"0,00",(serviços eletricos)
garcia,"R$ 0,00",0,5,"0,00",(conserto de tv em blumenau garcia)
painel,"R$ 0,00",0,5,"0,00",(instalação de painel de tv)
conectar,"R$ 0,00",0,5,"0,00",(conectar na tv)
reparo,"R$ 0,00",0,5,"0,00",(reparo ar condicionado)
consertos,"R$ 0,48",1,5,"0,00",(marido de aluguel consertos)
