Pesquisar,Custo,Cliques,Impressões,Conversões
marido de aluguel blumenau,"R$ 182,19",297,2.646,"0,00"
eletricista blumenau,"R$ 161,91",199,2.609,"0,00"
marido de aluguel,"R$ 102,94",154,1.738,"0,00"
eletricista em blumenau,"R$ 64,67",85,1.294,"0,00"
marido de aluguel em blumenau,"R$ 68,48",105,807,"0,00"
eletricista,"R$ 29,96",36,628,"0,00"
instalação de ar condicionado,"R$ 17,45",21,239,"0,00"
eletricista residencial blumenau,"R$ 10,47",12,202,"0,00"
marido de aluguel blumenau sc,"R$ 14,72",24,198,"0,00"
eletricistas em blumenau,"R$ 7,51",8,188,"0,00"
conserto de ar condicionado,"R$ 6,59",9,107,"0,00"
manutenção de ar condicionado,"R$ 7,26",9,88,"0,00"
eletricista em blumenau sc,"R$ 10,27",10,81,"0,00"
eletrecista blumenau,"R$ 6,84",9,79,"0,00"
eletricista blumenau sc,"R$ 1,72",4,71,"0,00"
conserto ar condicionado,"R$ 1,76",2,61,"0,00"
eletrecista em blumenau,"R$ 6,14",8,59,"0,00"
instalação ar condicionado,"R$ 0,88",1,52,"0,00"
conserto de televisão blumenau,"R$ 3,59",5,39,"0,00"
marido aluguel,"R$ 1,95",3,38,"0,00"
eletricista blumenau 24 horas,"R$ 3,95",2,36,"0,00"
eletricistas blumenau,"R$ 0,99",2,32,"0,00"
eletrica blumenau,"R$ 5,99",3,30,"0,00"
marido de aluguel perto de mim,"R$ 4,84",6,30,"0,00"
eletricistas,"R$ 0,00",0,27,"0,00"
ar condicionado instalação,"R$ 2,61",3,25,"0,00"
ar condicionado manutenção,"R$ 1,79",2,24,"0,00"
conserto de tv itoupava central,"R$ 1,79",3,24,"0,00"
faz tudo blumenau,"R$ 6,17",4,22,"0,00"
eletrecista,"R$ 0,60",1,20,"0,00"
instalar ar condicionado,"R$ 0,00",0,20,"0,00"
eletricista pomerode,"R$ 0,00",0,17,"0,00"
tecnico de ar condicionado,"R$ 0,85",1,17,"0,00"
ar condicionado conserto,"R$ 2,68",3,16,"0,00"
eletricista perto de mim,"R$ 0,72",1,14,"0,00"
assistência técnica tv blumenau,"R$ 0,91",1,13,"0,00"
instalador de tv,"R$ 0,00",0,13,"0,00"
marido de aluguel serviços,"R$ 0,00",0,13,"0,00"
eletricista 24 horas blumenau,"R$ 1,89",1,12,"0,00"
empresa eletricista,"R$ 0,89",1,12,"0,00"
instalacao ar condicionado,"R$ 1,76",2,12,"0,00"
instalador de ar condicionado,"R$ 0,00",0,12,"0,00"
instalação de ar,"R$ 0,00",0,12,"0,00"
marido de aluguel serviços gerais,"R$ 1,73",2,12,"0,00"
serviços de eletricista,"R$ 1,78",2,12,"0,00"
arrumar ar condicionado,"R$ 0,00",0,11,"0,00"
assistência tecnica ar condicionado,"R$ 0,00",0,11,"0,00"
instaladora,"R$ 0,00",0,11,"0,00"
luis godoy instalações elétricas blumenau,"R$ 1,99",1,11,"0,00"
tecnico ar condicionado,"R$ 0,90",1,11,"0,00"
assistencia tecnica tv,"R$ 0,00",0,10,"0,00"
assistência de ar condicionado,"R$ 0,00",0,10,"0,00"
eletricista em indaial,"R$ 2,25",2,10,"0,00"
eletricista indaial,"R$ 1,97",1,10,"0,00"
instaladores de ar condicionado,"R$ 0,00",0,10,"0,00"
conserto de tv em blumenau itoupava central,"R$ 0,47",1,9,"0,00"
eletrica perto de mim,"R$ 0,00",0,9,"0,00"
empresa de marido de aluguel,"R$ 0,00",0,9,"0,00"
marido de aliguel,"R$ 0,30",1,9,"0,00"
assistencia tecnica ar condicionado,"R$ 0,00",0,8,"0,00"
instalação de ar condicionado proximo a mim,"R$ 1,78",2,8,"0,00"
serviço marido de aluguel,"R$ 0,00",0,8,"0,00"
serviços de marido de aluguel,"R$ 0,00",0,8,"0,00"
tecnico de tv perto de mim,"R$ 0,00",0,8,"0,00"
assistencia tecnica tv blumenau,"R$ 0,93",1,7,"0,00"
conserto de tv blumenau,"R$ 0,00",0,7,"0,00"
conserto de tv em blumenau,"R$ 0,00",0,7,"0,00"
conserto tv brusque,"R$ 0,00",0,7,"0,00"
manutencao ar condicionado,"R$ 0,00",0,7,"0,00"
marido de aluguel pedreiro,"R$ 0,00",0,7,"0,00"
servico de marido de aluguel,"R$ 0,89",1,7,"0,00"
suporte tv parede,"R$ 0,00",0,7,"0,00"
técnico ar condicionado,"R$ 0,00",0,7,"0,00"
assistencia ar condicionado,"R$ 0,00",0,6,"0,00"
assistência técnica de ar condicionado,"R$ 1,75",2,6,"0,00"
elétrica em blumenau,"R$ 0,00",0,6,"0,00"
instalacao de ar,"R$ 1,73",2,6,"0,00"
instalação de tv,"R$ 0,00",0,6,"0,00"
marido de alguel,"R$ 0,86",1,6,"0,00"
quem arruma ar condicionado de casa,"R$ 0,00",0,6,"0,00"
ar condicionado manutencao,"R$ 0,00",0,5,"0,00"
ar condicionado tecnico,"R$ 0,87",1,5,"0,00"
conectar na tv,"R$ 0,00",0,5,"0,00"
conserto de tv,"R$ 1,58",2,5,"0,00"
conserto de tv em blumenau garcia,"R$ 0,00",0,5,"0,00"
conserto de tv em brusque,"R$ 0,00",0,5,"0,00"
conserto tv indaial,"R$ 0,00",0,5,"0,00"
eletrica em blumenau,"R$ 0,00",0,5,"0,00"
eletrica near me,"R$ 0,00",0,5,"0,00"
elétrica blumenau,"R$ 0,00",0,5,"0,00"
instalacao de tv,"R$ 1,83",2,5,"0,00"
instalador de tv na parede,"R$ 0,00",0,5,"0,00"
instalar tv,"R$ 0,00",0,5,"0,00"
instalação de painel de tv,"R$ 0,00",0,5,"0,00"
manutencao de ar condicionado,"R$ 0,00",0,5,"0,00"
manutenção ar condicionado,"R$ 0,00",0,5,"0,00"
marido de aluguel consertos,"R$ 0,48",1,5,"0,00"
marido de aluguel serviços residenciais,"R$ 0,88",1,5,"0,00"
reparo ar condicionado,"R$ 0,00",0,5,"0,00"
serviços eletricos,"R$ 0,00",0,5,"0,00"
