Trimestre,Cliques,Impressões,CPC méd.,Custo
4º trimestre de 2015,0,0,"R$ 0,00","R$ 0,00"
1º trimestre de 2016,0,0,"R$ 0,00","R$ 0,00"
2º trimestre de 2016,0,0,"R$ 0,00","R$ 0,00"
3º trimestre de 2016,0,0,"R$ 0,00","R$ 0,00"
4º trimestre de 2016,0,0,"R$ 0,00","R$ 0,00"
1º trimestre de 2017,0,0,"R$ 0,00","R$ 0,00"
2º trimestre de 2017,0,0,"R$ 0,00","R$ 0,00"
3º trimestre de 2017,0,0,"R$ 0,00","R$ 0,00"
4º trimestre de 2017,0,0,"R$ 0,00","R$ 0,00"
1º trimestre de 2018,0,0,"R$ 0,00","R$ 0,00"
2º trimestre de 2018,0,0,"R$ 0,00","R$ 0,00"
3º trimestre de 2018,0,0,"R$ 0,00","R$ 0,00"
4º trimestre de 2018,0,0,"R$ 0,00","R$ 0,00"
1º trimestre de 2019,0,0,"R$ 0,00","R$ 0,00"
2º trimestre de 2019,0,0,"R$ 0,00","R$ 0,00"
3º trimestre de 2019,0,0,"R$ 0,00","R$ 0,00"
4º trimestre de 2019,0,0,"R$ 0,00","R$ 0,00"
1º trimestre de 2020,0,0,"R$ 0,00","R$ 0,00"
2º trimestre de 2020,10,558,"R$ 2,68","R$ 26,82"
3º trimestre de 2020,28,949,"R$ 2,59","R$ 72,47"
4º trimestre de 2020,0,0,"R$ 0,00","R$ 0,00"
1º trimestre de 2021,1,5,"R$ 0,71","R$ 0,71"
2º trimestre de 2021,0,0,"R$ 0,00","R$ 0,00"
3º trimestre de 2021,16,131,"R$ 0,58","R$ 9,24"
4º trimestre de 2021,119,1.670,"R$ 0,69","R$ 82,42"
1º trimestre de 2022,89,993,"R$ 0,67","R$ 60,06"
2º trimestre de 2022,0,0,"R$ 0,00","R$ 0,00"
3º trimestre de 2022,223,2.971,"R$ 0,67","R$ 150,00"
4º trimestre de 2022,568,23.056,"R$ 0,44","R$ 252,16"
1º trimestre de 2023,1.567,53.258,"R$ 0,17","R$ 268,79"
2º trimestre de 2023,3.034,139.460,"R$ 0,15","R$ 442,80"
3º trimestre de 2023,117,1.404,"R$ 0,60","R$ 69,76"
4º trimestre de 2023,227,8.988,"R$ 0,59","R$ 134,16"
1º trimestre de 2024,0,0,"R$ 0,00","R$ 0,00"
2º trimestre de 2024,54,664,"R$ 1,94","R$ 104,64"
3º trimestre de 2024,77,765,"R$ 2,44","R$ 187,84"
4º trimestre de 2024,188,2.216,"R$ 1,68","R$ 314,95"
1º trimestre de 2025,95,1.502,"R$ 2,11","R$ 200,06"
2º trimestre de 2025,163,4.709,"R$ 1,27","R$ 206,87"
3º trimestre de 2025,83,3.714,"R$ 1,25","R$ 103,83"
4º trimestre de 2025,359,9.994,"R$ 0,43","R$ 155,00"
1º trimestre de 2026,148,2.068,"R$ 1,69","R$ 249,96"
2º trimestre de 2026,137,1.933,"R$ 1,56","R$ 213,27"
3º trimestre de 2026,61,759,"R$ 1,54","R$ 93,70"
