Top consultas,Cliques,Impressões,CTR,Posição
encanador blumenau,105,5440,1.93%,5.2
marido de aluguel blumenau,100,2543,3.93%,2.96
eletricista blumenau,51,4607,1.11%,5.31
marido de aluguel em blumenau,39,829,4.7%,3.07
encanador em blumenau,24,1554,1.54%,5.09
fix serviços,22,215,10.23%,3.4
marido de aluguel,17,1069,1.59%,5.54
faz tudo blumenau,17,304,5.59%,2.28
eletricista em blumenau,15,2560,0.59%,5.29
conserto de cadeiras de escritório,11,362,3.04%,8.33
eletricista,6,1452,0.41%,10.82
eletricista residencial blumenau,5,159,3.14%,5.4
conserto de cadeiras de escritório perto de mim,5,93,5.38%,9.7
fixblu,5,47,10.64%,1.94
encanador,3,1423,0.21%,10.33
conserto cadeira escritorio,3,164,1.83%,25.12
fechadura digital em blumenau,3,157,1.91%,7.08
conserto de cadeira de escritório perto de mim,3,27,11.11%,14.07
encanador blumenau 24h,2,396,0.51%,6.37
faz tudo,2,78,2.56%,2.82
manutenção de cadeiras de escritorio,2,56,3.57%,21.89
encanadores,2,43,4.65%,51.33
conserto cadeiras escritorio,2,34,5.88%,19.15
marido aluguel,2,31,6.45%,5.35
instalador de persiana perto de mim,2,7,28.57%,5.29
colocador de persianas,2,4,50%,2.25
empresa de instalações elétricas blumenau,1,1443,0.07%,23.45
instalador de chuveiro,1,487,0.21%,19.41
instalador fechadura digital,1,300,0.33%,21.74
eletrecista,1,245,0.41%,12.43
troca de chuveiro blumenau,1,231,0.43%,17.58
fix,1,178,0.56%,2.77
conserto de cadeira de escritório,1,131,0.76%,20.18
instalador de coifa,1,128,0.78%,23.91
cadeira escritorio blumenau,1,101,0.99%,27.57
fechadura eletronica blumenau,1,92,1.09%,7.77
eletricista residencial,1,67,1.49%,6.12
casa do encanador blumenau,1,62,1.61%,8.87
eletrecista blumenau,1,43,2.33%,6.53
instalador de persianas,1,39,2.56%,32.51
pequenos reparos residenciais,1,30,3.33%,5.53
conserto de persianas,1,28,3.57%,5.86
instalador de persiana,1,28,3.57%,28.93
reparos residenciais,1,27,3.7%,1.41
eletricista blumenau 24 horas,1,23,4.35%,8.87
reforma de cadeira de escritório,1,23,4.35%,9.35
conserto cadeira de escritório,1,21,4.76%,33.76
conserto de cadeira de escritorio,1,17,5.88%,31.06
instalador de cortinas e persianas,1,14,7.14%,13.79
instalador de torneira elétrica,1,13,7.69%,6.77
conserto cadeiras de escritório,1,13,7.69%,10.69
eletricista santa catarina,1,10,10%,47.8
fix manutenção,1,8,12.5%,4.62
marido de alugel,1,8,12.5%,4.75
sim,1,7,14.29%,3.14
arrumar cadeira de escritório perto de mim,1,7,14.29%,3.29
conserto de persiana,1,7,14.29%,7.29
conserto descarga caixa acoplada,1,7,14.29%,7.43
instalador de tv na parede perto de mim,1,6,16.67%,2.67
conserto exaustor cozinha,1,6,16.67%,6.33
encandor,1,5,20%,6.6
conserto cadeira escritorio perto de mim,1,4,25%,5
hidraulica encanador,1,4,25%,10
marido de aluguel proximo a mim,1,4,25%,19.25
manutenção de cadeiras para escritório,1,4,25%,42.75
quem arruma descarga de banheiro,1,3,33.33%,2.33
serviços de eletrica,1,3,33.33%,4.67
instalação de ar condicionado em blumenau,1,3,33.33%,11
servicos eletricos,1,3,33.33%,35.67
marceneiro blumenau,1,2,50%,1
eletricista de chuveiro perto de mim,1,2,50%,3
limpeza de fogao,1,2,50%,3
marido de aluguek,1,2,50%,3.5
maridode aluguel,1,2,50%,4.5
secadora de roupas de parede instalação,1,2,50%,4.5
conserto de ar condicionado de janela,1,1,100%,1
ilha,1,1,100%,1
marcenaria em blumenau,1,1,100%,1
profissional faz tudo,1,1,100%,1
reparo de porta,1,1,100%,2
em blumenau santa catarina,1,1,100%,5
conserto de persiana vertical,1,1,100%,6
serviços de encanador perto de mim,1,1,100%,8
olho magico,0,3304,0%,1.61
instalações elétricas blumenau,0,1438,0%,27.9
instalações elétricas comerciais blumenau,0,1305,0%,27.69
instalações elétricas em blumenau,0,1193,0%,32.48
plumber near me,0,928,0%,1.81
instalações elétricas prediais blumenau,0,857,0%,23.54
encanador perto de mim,0,716,0%,56.57
eletricista perto de mim,0,712,0%,56.65
olho mágico,0,417,0%,2.84
encanador próximo a mim,0,407,0%,56.36
manutenção de aquecedores blumenau,0,403,0%,17.13
instalador de fechadura digital,0,373,0%,14.43
eletrica em blumenau,0,360,0%,32.7
dps blumenau,0,302,0%,7.46
montagem de painéis blumenau,0,297,0%,78.38
encanador abertos agora,0,293,0%,48.71
instalador de varal de teto,0,282,0%,32.59
troca de dobradiças,0,271,0%,24.45
como instalar secadora de roupas na parede,0,258,0%,18.82
empresa instalação eletrica,0,245,0%,12.16
instalação de fechadura digital preço,0,225,0%,14.79
plumber,0,209,0%,3.6
instalacao de chuveiro em blumenau,0,208,0%,21.81
electrician near me,0,187,0%,5.14
instalacao de suporte de tv blumenau,0,159,0%,11.22
serviço elétrico,0,157,0%,86.31
instalacao de fechadura digital blumenau,0,152,0%,8.48
instalacao de tv em blumenau,0,151,0%,10.64
serviço de encanamento,0,144,0%,91.24
conserto de tv blumenau,0,128,0%,13.95
eletricista residencial perto de mim,0,126,0%,59.29
tabela de preços marido de aluguel,0,124,0%,39.61
onde colocar secadora de parede,0,118,0%,45.51
aquecedor elétrico,0,115,0%,9.63
manutenção de cadeiras,0,111,0%,55.18
lâmpadas para piscina,0,108,0%,89.68
tabela de preços de marido de aluguel,0,97,0%,38.48
manutenção em cadeiras de escritorio,0,94,0%,52.68
aluguel de cadeira secretária,0,94,0%,81.61
plumbers near me,0,92,0%,1
instalacao interruptor sonoff,0,92,0%,9.86
conserto de torneira elétrica,0,83,0%,7.05
torneiras em blumenau,0,77,0%,28.95
instalar sonoff com interruptor,0,76,0%,15.76
instalacao de luminaria,0,76,0%,58.43
serviços de eletricista,0,74,0%,60.74
como instalar sonoff com interruptor,0,73,0%,16.53
conserto tv blumenau,0,72,0%,10.1
conserto,0,70,0%,4.04
serviços de reparo em válvulas,0,70,0%,83.43
instalador de luminárias,0,67,0%,61.31
conserto de cadeiras,0,65,0%,12.26
instalador de coifas,0,65,0%,37.77
serviços de marido de aluguel,0,62,0%,45.11
serviço de encanador,0,60,0%,38.53
conserto de tv,0,57,0%,12.33
quanto custa para instalar fechadura digital,0,57,0%,36.19
eletricista serviços,0,57,0%,85.46
encanador indaial,0,55,0%,7.13
valor para instalar fechadura digital,0,54,0%,29.17
mão de obra para instalação de coifas,0,53,0%,11.19
instalação luminaria,0,53,0%,83.23
consertos,0,51,0%,5.59
"instalação, manutenção e troca de descarga (válvula hydra) em florianópolis",0,50,0%,22.3
instalações elétricas industriais blumenau,0,50,0%,78.94
plumbing repair near me,0,49,0%,2.67
instalador de fechadura digital perto de mim,0,49,0%,37.29
eletricista marido de aluguel,0,48,0%,33
conserto de tv em blumenau,0,47,0%,14.57
encanador em celso ramos sc,0,46,0%,48.04
reparos elétricos,0,46,0%,60.04
conserto de descarga,0,45,0%,9.71
instalação de secadora de roupas,0,44,0%,9.55
persianas blumenau,0,44,0%,29.61
serviços marido de aluguel,0,44,0%,57.02
instalação de painéis tta blumenau,0,44,0%,86.75
serviço de eletricista,0,43,0%,53.72
olho.magico,0,42,0%,1
conserto de cadeira,0,42,0%,32.14
resistência chuveiro,0,41,0%,1
persiana blumenau,0,40,0%,14
tabela de preço marido de aluguel,0,40,0%,42.48
instalador de lustres,0,40,0%,72.8
instalação secadora de roupas,0,39,0%,10
eletricistas,0,39,0%,18.77
resistencia chuveiro,0,38,0%,1
serviço de marido de aluguel,0,38,0%,47.63
empresa de eletricista,0,38,0%,59.45
instalação de fechaduras digitais,0,37,0%,72.35
instalador de fechadura eletrônica,0,36,0%,16.31
persianas em blumenau,0,36,0%,22.08
instalação fechadura eletrônica florianópolis,0,36,0%,37.44
serviços hidráulicos residenciais,0,35,0%,2.91
serviços de encanador,0,35,0%,43.26
serviço de eletricidade,0,34,0%,88.74
instalação de ar condicionado,0,33,0%,23.64
contato de eletricista,0,33,0%,62.3
pequenos reparos,0,32,0%,7.03
instalador de coifa residencial,0,32,0%,20.38
instalador de painel de tv,0,32,0%,21.06
tabela de preço de marido de aluguel,0,32,0%,42
marido de aluguel eletricista,0,32,0%,42.22
conserto de,0,31,0%,6.9
instalador fechadura eletronica,0,31,0%,13.68
conserto de cadeiras de escritorio,0,31,0%,40.39
manutenção cadeira escritorio,0,31,0%,47.32
manutenção cadeiras de escritorio,0,30,0%,38.23
serviço eletrico,0,30,0%,70.93
servico de eletricista,0,30,0%,80.93
conserto de fogão blumenau,0,29,0%,10.14
conserto de televisão,0,29,0%,14.14
eletricista proximo a mim,0,29,0%,44.03
marido de aluguel sbc,0,29,0%,77.69
consertos de cadeiras de escritorio,0,29,0%,79.9
instalação luminária,0,29,0%,80.69
handyman,0,28,0%,2.5
conserto de chuveiro,0,28,0%,5.5
sos encanador blumenau,0,28,0%,28.11
serviço de eletricista residencial,0,28,0%,78.68
resistência do chuveiro,0,27,0%,1
plumbing repair,0,27,0%,1.22
lampada da piscina,0,27,0%,12.63
eletricistas perto de mim,0,27,0%,23.56
consertos elétricos,0,27,0%,27.89
instalação de painel,0,27,0%,56.74
troca de disjuntor,0,26,0%,24.35
reparo valvula hydra docol,0,26,0%,36.19
instalador de coifa de parede,0,25,0%,22.36
marido de aluguel perto de mim,0,25,0%,23.36
instalação fechadura digital florianópolis,0,25,0%,32.44
instalação fechadura elétrica florianópolis,0,25,0%,41.68
encanador hidráulica,0,25,0%,71.32
como instalar varão,0,25,0%,80.6
contractor near me,0,24,0%,6.96
conserto de descarga acoplada,0,24,0%,12.96
número de eletricista,0,24,0%,41.71
consertar vazamento de caixa acoplada,0,24,0%,94.25
instalador de fechadura eletronica,0,23,0%,8.13
encanador residencial,0,23,0%,11.87
instalador de quadros,0,23,0%,34.22
eletrecistas,0,23,0%,45.57
encanador residencial perto de mim,0,23,0%,56.13
lâmpada da piscina,0,23,0%,60.7
preciso de um eletricista,0,23,0%,70.09
disjuntor,0,22,0%,6.95
pormob,0,22,0%,10.18
consertos de cadeiras de escritório,0,22,0%,29.59
assistência técnica,0,21,0%,2.9
conserto de forno eletrico,0,21,0%,4.86
conserto tv,0,21,0%,11.24
"instalação, limpeza e troca de sifão em florianópolis",0,21,0%,17.86
manutenção de cadeira de escritorio,0,21,0%,32.76
encanador proximo a mim,0,21,0%,35.81
marido de aluguel bauru,0,21,0%,55.1
eletricista orçamento,0,21,0%,97.14
aquecedor,0,20,0%,6.35
arrumar tv,0,20,0%,9.5
conserto de coifa de cozinha,0,20,0%,10.25
serviços eletricos,0,20,0%,51.55
conserto de cadeira gamer,0,20,0%,52.7
marido de aluguel campinas,0,20,0%,75
como instalar secadora de parede,0,19,0%,20.68
encanador perto de mim dentro de 800 m,0,19,0%,50.32
encanador perto de mim abertos agora,0,19,0%,50.63
montar fechadura,0,19,0%,96.26
marido de alguel,0,18,0%,4.28
como trocar o led da piscina,0,18,0%,7.28
qual valor para instalar fechadura eletronica,0,18,0%,35
conserto cadeira de escritorio,0,18,0%,57.11
reparos,0,17,0%,1.47
sonoff,0,17,0%,10.24
conserto cadeira escritório,0,17,0%,40.65
encanador natal rn,0,17,0%,73.29
local guide program,0,16,0%,1
resistencia de chuveiro,0,16,0%,1
reparos apartamento aluguel,0,16,0%,1.19
consertos hidráulicos,0,16,0%,2.44
eletricista predial,0,16,0%,2.44
trocar lampada piscina,0,16,0%,3.38
como trocar a válvula de descarga,0,16,0%,4.19
aluguel de ar condicionado portátil,0,16,0%,4.94
loja encanador,0,16,0%,6.44
reforma de cadeiras de escritório,0,16,0%,6.69
instalador de torneira,0,16,0%,9.5
concerto de tv,0,16,0%,9.62
instalação de chuveiro,0,16,0%,10.5
conserto de tv em blumenau garcia,0,16,0%,11.44
instalação de quadros,0,16,0%,11.5
marido de aluguel serviços gerais,0,16,0%,12.75
instalador de tv perto de mim,0,16,0%,21.38
encanador hidráulico,0,16,0%,24
empresa de elétrica residencial,0,16,0%,74.31
instalação de luminárias,0,16,0%,83.69
quanto custa um reparo elétrico em uma casa,0,16,0%,88.94
resistência de chuveiro,0,15,0%,2.47
eletricista profissional,0,15,0%,2.87
conserto de chuveiro perto de mim,0,15,0%,5.53
instalador de tv,0,15,0%,6.87
eletricista aberto agora,0,15,0%,25.67
instalador de chuveiro elétrico,0,15,0%,27.93
instalação de ar condicionado blumenau,0,15,0%,28
eletricista próximo a mim,0,15,0%,29.6
manutencao cadeiras escritorio,0,15,0%,49.47
eletricista na região,0,15,0%,51
marido de aluguel indaiatuba,0,15,0%,62
instalação de barra de apoio,0,15,0%,70.13
técnico de tv,0,14,0%,7.43
quem instala coifa,0,14,0%,7.93
conserto de persianas perto de mim,0,14,0%,9
encanador 24h,0,14,0%,9.14
conserto de geladeira instalação de fechadura digital,0,14,0%,19
secadora de teto,0,14,0%,20.43
telefone de eletricista,0,14,0%,36.29
serviços de encanamento,0,14,0%,44.07
instalação ar condicionado blumenau,0,14,0%,48.71
serviços eletricista,0,14,0%,59.43
como montar casa inteligente gastando pouco,0,14,0%,86.79
marido de aliguel,0,13,0%,5
eletricista e encanador,0,13,0%,5.62
reforma de cadeiras,0,13,0%,5.69
concerto de cadeira,0,13,0%,7.92
tecnico de tv,0,13,0%,8.69
casa do encanador,0,13,0%,8.85
encanador em indaial,0,13,0%,9.23
instalação de secadora de roupas de parede,0,13,0%,9.54
encanador profissional,0,13,0%,25.08
quem instala fechadura eletronica,0,13,0%,27.31
troca de tomadas,0,13,0%,28.31
instalação de ar-condicionado em blumenau,0,13,0%,34.77
instalação olho magico,0,13,0%,35.85
reparo de cadeira de escritório,0,13,0%,47
manutencao de cadeiras,0,13,0%,49.62
manutenção de cadeira de escritório,0,13,0%,53
manutenção cadeiras escritório,0,13,0%,54.62
lampada para piscina de alvenaria,0,13,0%,58.54
marido de aluguel piracicaba,0,13,0%,63.38
altura de coifa,0,12,0%,1.25
conserto de fogão em blumenau,0,12,0%,4.17
manutenção residencial,0,12,0%,4.67
serviços elétricos,0,12,0%,5.33
conserto de depurador de cozinha,0,12,0%,6.75
aquecedor eletrico,0,12,0%,7.42
dijuntor,0,12,0%,7.83
loja do encanador,0,12,0%,10.08
instalador de cortinas,0,12,0%,13.92
conserto de cadeira giratória,0,12,0%,16.08
manutenção de tv,0,12,0%,17.08
conserto de cadeira giratória de escritório,0,12,0%,18.92
telefone de encanador,0,12,0%,22.83
instalação de olho mágico,0,12,0%,29.17
reparo válvula de descarga docol,0,12,0%,29.25
encanador e eletricista,0,12,0%,36.75
servico de encanador,0,12,0%,38.5
marido de aluguel serviços,0,12,0%,58.42
empresa de encanamento,0,12,0%,71.08
olho mágico preço,0,11,0%,1
quem conserta descarga de banheiro,0,11,0%,3.73
trocar resistencia de chuveiro,0,11,0%,5
concerto de cadeiras,0,11,0%,7
instalador de coifa de cozinha,0,11,0%,7
conserto de secadora de roupas de parede,0,11,0%,7.73
marido de aluguel serviços residenciais,0,11,0%,10.55
conserto de televisao,0,11,0%,10.82
tv blumenau,0,11,0%,11.91
conserto cadeiras,0,11,0%,13.27
eletricista próximo de mim,0,11,0%,19.27
marido de aluguel itajai,0,11,0%,26.27
reparo válvula hydra docol,0,11,0%,31.27
conserto de varal de teto,0,11,0%,33.36
reparo hydra docol,0,11,0%,33.45
troca de resistencia,0,11,0%,44.91
conserto de cadeira de escritório em fortaleza,0,11,0%,55.36
eletricista near me,0,11,0%,57
eletricista mais próximo de mim,0,11,0%,58.73
serviço elétrico residencial,0,11,0%,72.45
esposo de aluguel,0,11,0%,80.64
tipos de coifa,0,10,0%,1.1
olho magico preço,0,10,0%,2.8
fix blus,0,10,0%,3.4
casa do encanador em blumenau,0,10,0%,3.6
marido de aluguel instala tudo,0,10,0%,3.7
fix repair,0,10,0%,4.4
manutenção de chuveiro,0,10,0%,5
como trocar dobradiças de armário,0,10,0%,5.5
quanto custa um olho mágico,0,10,0%,6.6
conserta tv,0,10,0%,9.5
instalador de racks para tv,0,10,0%,9.5
trocar ralo da pia,0,10,0%,9.6
sonoff instalação,0,10,0%,10.3
eletrcista,0,10,0%,11.3
faz tudo perto de mim,0,10,0%,13.3
reparos eletricos,0,10,0%,14.6
eletricista próximo,0,10,0%,18.4
eletricista perto de mim abertos agora,0,10,0%,27.8
reparo da valvula de descarga docol,0,10,0%,38.7
serviço marido de aluguel,0,10,0%,42.1
cadeira de escritorio conserto,0,10,0%,52.2
secador de roupa para apartamento,0,10,0%,64.8
secador de roupas de parede,0,10,0%,69.5
colocar fechadura,0,10,0%,94.3
empreiteira,0,9,0%,1
olha magico,0,9,0%,1
faz-tudo,0,9,0%,3.11
marido aluguel servicos casa,0,9,0%,3.56
marido,0,9,0%,4.33
fl-encanador blumenau,0,9,0%,5
marido de aluguel encanador,0,9,0%,5
manutenção de persianas,0,9,0%,5.67
troca de chuveiro,0,9,0%,7.44
conserto de ventilador perto de mim,0,9,0%,7.89
sonoff interruptor,0,9,0%,9.89
conserto de panelas perto de mim,0,9,0%,10.78
serviço de troca de disjuntores,0,9,0%,10.89
conserto televisão,0,9,0%,11.22
serviços de reparos,0,9,0%,12.89
conserto cadeira gamer,0,9,0%,20.11
reparo cadeira escritorio,0,9,0%,23.56
empresa de marido de aluguel,0,9,0%,28
conserto de coifas,0,9,0%,34.67
conserto de ar condicionado,0,9,0%,34.78
eletresista,0,9,0%,35.67
sos encanador em blumenau,0,9,0%,39.56
conserto de cadeiras escritorio,0,9,0%,58.67
serviços de eletricista residencial,0,9,0%,59.44
encanadores perto de mim,0,9,0%,62
instalação coifa parede,0,9,0%,95.33
resistência do chuveiro queimou,0,8,0%,1
assistência técnica perto de mim,0,8,0%,3.38
instalador de ar condicionado em blumenau,0,8,0%,4.62
manutenção,0,8,0%,5.5
instalador de chuveiro perto de mim,0,8,0%,6.12
leak detection,0,8,0%,6.25
assistência técnica hydra mais próxima,0,8,0%,7
conserto de fogao,0,8,0%,7.25
lugar que arruma cadeira de escritório,0,8,0%,7.38
emcanador,0,8,0%,7.62
manutenção ar condicionado,0,8,0%,8.75
conserto ventilador perto de mim,0,8,0%,9.62
instalador de fechadura,0,8,0%,10.62
empresa de instalações elétricas,0,8,0%,11
conserto de cooktop perto de mim,0,8,0%,11.12
reforma cadeira escritorio,0,8,0%,15.5
instalar ar condicionado blumenau,0,8,0%,16.88
empresa de encanador,0,8,0%,26.75
conserto de cadeira gamer perto de mim,0,8,0%,30.25
número de encanador,0,8,0%,31.38
conserto varal de teto,0,8,0%,31.75
reparo de cadeiras,0,8,0%,36.75
conserto de coifa residencial,0,8,0%,37.75
instalação painel tv,0,8,0%,48.62
instalação de fechadura digital salvador,0,8,0%,49
reformas em blumenau,0,8,0%,52.12
eletricista perto de mim dentro de 800 m,0,8,0%,54.62
instalação de fechaduras,0,8,0%,54.88
preciso de eletricista,0,8,0%,70.62
marido de aluguel são bernardo do campo,0,8,0%,87.88
by fix,0,7,0%,1.29
serviços e reparos,0,7,0%,1.29
empresa de pequenos reparos,0,7,0%,1.43
handyman near me,0,7,0%,1.43
plumber nearby,0,7,0%,2.57
como trocar o sifão da pia,0,7,0%,2.71
manutenção e reparos,0,7,0%,3
blu fix,0,7,0%,3.29
plumbers,0,7,0%,3.71
pra que marido,0,7,0%,4.29
eletrecista residencial,0,7,0%,4.71
conserto hidráulico,0,7,0%,4.86
conserto chuveiro,0,7,0%,5
instalador de cortina,0,7,0%,5
serviço hidráulico,0,7,0%,5.57
electrician near me open now,0,7,0%,6.14
arruma cadeira de escritorio,0,7,0%,6.43
troca de ralo de banheiro,0,7,0%,6.43
como instalar secadora de roupas na parede fischer,0,7,0%,6.71
loja de encanador,0,7,0%,6.71
técnico de televisão,0,7,0%,7.29
técnico de tv perto de mim,0,7,0%,7.57
conserto de home theater perto de mim,0,7,0%,7.71
eletrecista ou eletricista perto de mim,0,7,0%,7.86
onde vende resistência de chuveiro,0,7,0%,8
tecnico tv,0,7,0%,8
trocar resistencia chuveiro,0,7,0%,9
bombeiro hidraulico,0,7,0%,9.29
eletricista de piscina,0,7,0%,9.43
casa encanador,0,7,0%,9.57
consertos de tv,0,7,0%,10.57
lugares que arruma tv perto de mim,0,7,0%,10.86
conserto de exaustor de cozinha residencial,0,7,0%,11
conserto cadeira,0,7,0%,13.86
troca de descarga,0,7,0%,15.43
fechaduras blumenau,0,7,0%,18.43
conserto de banquetas giratória,0,7,0%,21.57
instalação painel tv preço,0,7,0%,24.71
onde consertar cadeira de escritório,0,7,0%,26.57
encanador de piscina,0,7,0%,29.57
conserto eletrico,0,7,0%,32
serviço de instalação,0,7,0%,34.71
eletricista pequenos reparos,0,7,0%,36.86
quanto custa a instalação de uma fechadura eletrônica,0,7,0%,38.29
instaladora blumenau,0,7,0%,47.57
marido de aluguel em fortaleza,0,7,0%,49
marido de aluguel limeira,0,7,0%,62
serviços de eletricidade,0,7,0%,77
instalação persianas,0,7,0%,95.71
conserto de aquecedor elétrico,0,6,0%,1.17
técnico para configurar tv,0,6,0%,1.5
reparo de chuveiro,0,6,0%,1.83
instalador de coifa de ilha,0,6,0%,3
eletricista chuveiro,0,6,0%,3.17
conserto de coifas e exaustores,0,6,0%,4.5
eletricista emergencial,0,6,0%,5.17
quem instala coifa de cozinha,0,6,0%,5.17
eletricista encanador,0,6,0%,5.33
conserto coifa,0,6,0%,5.5
conserto de forno elétrico,0,6,0%,5.67
instalação de fechadura eletronica,0,6,0%,6
prestador de serviços residenciais,0,6,0%,6.33
serv fix,0,6,0%,6.33
instalar secadora de parede,0,6,0%,7.17
chuveiro eletrico,0,6,0%,7.33
elétrica proximo a mim,0,6,0%,7.5
fogão manutenção,0,6,0%,7.67
conserto de cadeira de alumínio,0,6,0%,8.17
reforma de cadeira gamer perto de mim,0,6,0%,8.33
reparos blumenau,0,6,0%,8.5
trocar dobradica armario,0,6,0%,8.83
arruma tv,0,6,0%,9
chuveiro queimado,0,6,0%,9
marido de aluguel pedreiro,0,6,0%,9
assistência de tv,0,6,0%,10.83
instalador de fechadura eletrônica perto de mim,0,6,0%,11.67
eletricista mais próximo,0,6,0%,12.83
troca de sifão,0,6,0%,13
arrumar cadeira de escritório,0,6,0%,16.17
assistência técnica blumenau,0,6,0%,18.17
eletricista 24 horas perto de mim,0,6,0%,23
limpeza de ar condicionado,0,6,0%,23
conserto de cadeira escritório,0,6,0%,27
conserto fechadura eletronica,0,6,0%,27.33
reparo da válvula de descarga docol,0,6,0%,28.83
conserta cadeira de escritório,0,6,0%,29.17
reparo de descarga docol,0,6,0%,30
conserto de coifa,0,6,0%,36
quanto custa para instalar uma fechadura eletrônica,0,6,0%,36.67
serviço encanador,0,6,0%,39
empresa eletricista,0,6,0%,40
conserto de cadeiras giratórias,0,6,0%,42.83
manutenção cadeiras,0,6,0%,44.5
manutenção de cadeiras de escritório,0,6,0%,44.5
eletricista proximo,0,6,0%,46
troca de resistência,0,6,0%,54.17
kit eletricista residencial,0,6,0%,54.67
marido de aluguel pequenos reparos,0,6,0%,60
varal de teto montagem,0,6,0%,60.67
resistência chuveiro queimada,0,6,0%,63.67
eletricista mais proximo,0,6,0%,65.67
secador de roupas de teto,0,6,0%,68.5
instalador de caixa d'água,0,6,0%,70.33
assistencia tecnica blumenau,0,6,0%,71
reparar cadeiras,0,6,0%,78.5
conserto persiana integrada,0,6,0%,91
coifa ou depurador,0,5,0%,1
home repair handyman near me,0,5,0%,1
motelfix,0,5,0%,1
olho magico valor,0,5,0%,1
instalação de fogão,0,5,0%,1.2
plumbing repair services,0,5,0%,1.2
instalador tv parede,0,5,0%,1.8
limpeza de fogão,0,5,0%,1.8
como funciona um disjuntor,0,5,0%,2
eletricista de chuveiro,0,5,0%,2.2
conserto de porta,0,5,0%,3
homem de aluguel,0,5,0%,3.4
técnico de tv a domicílio,0,5,0%,3.4
eletricista domiciliar,0,5,0%,3.8
serviços de instalação,0,5,0%,4
eletricista troca chuveiro,0,5,0%,4.2
marido de aluguel.,0,5,0%,4.4
quem troca resistencia de chuveiro,0,5,0%,4.4
conserto em casa,0,5,0%,4.6
serviço de manutenção residencial,0,5,0%,4.8
encanado,0,5,0%,5
reparos e manutenção residencial,0,5,0%,5.6
conserto fogao,0,5,0%,5.8
aluguel de tv,0,5,0%,6.2
eletricista de plantão,0,5,0%,6.2
eletrista,0,5,0%,6.4
instalação de forno elétrico,0,5,0%,6.6
onde arrumar cadeira de escritório,0,5,0%,6.6
técnico em tv,0,5,0%,6.8
manutencao de fogao,0,5,0%,7
eletricista abertos agora,0,5,0%,7.2
serviço hidráulico encanador,0,5,0%,7.4
manutenção ar condicionado blumenau,0,5,0%,7.8
reparo de torneira de banheiro,0,5,0%,7.8
manutencao tv,0,5,0%,8
conserto de cadeiras perto de mim,0,5,0%,8.4
eletricista urgente,0,5,0%,8.4
conserto de tv próximo a mim,0,5,0%,8.6
fix it blumenau,0,5,0%,8.6
reparo tv,0,5,0%,8.6
elétrica perto de mim,0,5,0%,8.8
conserto de tv smart,0,5,0%,9.4
fix santa catarina,0,5,0%,10.6
eletricista em,0,5,0%,14.6
como trocar led de piscina,0,5,0%,16.4
número de telefone de eletricista,0,5,0%,16.8
conserta cadeira,0,5,0%,18.8
instalador de ar condicionado blumenau,0,5,0%,18.8
preciso de encanador,0,5,0%,21.2
eletricista em santa catarina,0,5,0%,21.6
instalação de olho mágico valor,0,5,0%,22.4
eletricista onde encontrar,0,5,0%,25.2
quanto custa para instalar uma fechadura digital,0,5,0%,35
telefone de eletricista residencial,0,5,0%,37
instalar olho magico,0,5,0%,37.2
home theater installation near me,0,5,0%,39
altura olho magico,0,5,0%,39.6
consertos de cadeiras,0,5,0%,40.2
eletrica blumenau,0,5,0%,45.2
serviço hidráulica encanador,0,5,0%,61.6
fix blue,0,5,0%,65
eletricista agora,0,5,0%,65.8
montagem de coifa,0,5,0%,66.2
manutenção de persianas na barra,0,5,0%,66.6
marido de aluguel abc,0,5,0%,69.8
lâmpada de piscina,0,5,0%,78.8
marido de aluguel mogi das cruzes,0,5,0%,83.8
serviços eletricista residencial,0,5,0%,85.2
assistência elétrica residencial,0,5,0%,85.8
encanador em itajaí,0,5,0%,91.6
conserto de forno elétrico perto de mim,0,4,0%,1
curso de eletricista,0,4,0%,1
limpeza de fogão perto de mim,0,4,0%,1
manutenção elétrica,0,4,0%,1
quem arruma chuveiro,0,4,0%,1
técnico para instalar tv,0,4,0%,1
handyman services,0,4,0%,1.25
conserto de fogão perto de mim,0,4,0%,1.5
conserto fogão,0,4,0%,1.5
instalacao,0,4,0%,2
manutenção de casa,0,4,0%,2
quem instala chuveiro,0,4,0%,2.25
tecnico de tv em casa,0,4,0%,2.75
resistencia de chuveiro queimada,0,4,0%,3
marido de alugue,0,4,0%,3.25
reparos domesticos,0,4,0%,3.25
manutenção predial,0,4,0%,3.5
como trocar valvula descarga,0,4,0%,3.75
auxiliar de encanador,0,4,0%,4
quem conserta chuveiro,0,4,0%,4
conserto de abajur perto de mim,0,4,0%,4.25
marido de aluguel faz tudo,0,4,0%,4.25
fix windows,0,4,0%,4.5
conserto elétrico,0,4,0%,4.75
eletricista mais perto de mim,0,4,0%,4.75
encanafor,0,4,0%,4.75
servicos,0,4,0%,4.75
trocar led piscina,0,4,0%,5
eletricista e encanador perto de mim,0,4,0%,5.25
eletricusta,0,4,0%,5.25
instalação de tv,0,4,0%,5.25
manutenção fechadura eletronica,0,4,0%,5.25
marido de aluguem,0,4,0%,5.25
servicos hidraulicos encanador,0,4,0%,5.25
serviço de manutenção,0,4,0%,5.25
conserto de tv em casa,0,4,0%,5.5
sapatao eletricista,0,4,0%,5.75
arrumar cadeiras de escritorio,0,4,0%,6
trocar led da piscina,0,4,0%,6
assistencia eletrica,0,4,0%,6.25
conserto forno eletrico,0,4,0%,6.25
marido.de aluguel,0,4,0%,6.25
quem troca chuveiro,0,4,0%,6.25
tecnico em tv,0,4,0%,6.25
reparos hidráulicos perto de mim,0,4,0%,6.75
concerta tv,0,4,0%,7
instalador eletrico,0,4,0%,7
como trocar dobradiça de armário,0,4,0%,7.25
encanador e eletricista perto de mim,0,4,0%,7.25
serviços hidraulicos,0,4,0%,7.5
encador,0,4,0%,8
interruptor sonoff,0,4,0%,8.25
assistência tv,0,4,0%,8.5
encanador em,0,4,0%,8.5
reparo de descarga,0,4,0%,8.5
resistência de chuveiro queimada,0,4,0%,8.5
blumenau voltagem,0,4,0%,8.75
manutenção de televisão,0,4,0%,9.5
sonof,0,4,0%,9.75
como trocar a lâmpada de led da piscina,0,4,0%,10
concertos de tv,0,4,0%,10
troca de dobradiça,0,4,0%,10.25
assistencia de tv,0,4,0%,10.5
reparo de tv,0,4,0%,10.5
tv conserto,0,4,0%,10.5
assistencia para tv,0,4,0%,10.75
instalar secadora de roupas,0,4,0%,11
instalação sonoff,0,4,0%,11.25
pequenos reparos domésticos,0,4,0%,11.25
instalar sonoff,0,4,0%,12.25
manutenção de ar condicionado em blumenau,0,4,0%,12.5
conserto descarga,0,4,0%,17.5
como instalar secadora de roupa na parede,0,4,0%,21.25
montador de coifa,0,4,0%,21.25
varão de cortinas,0,4,0%,21.75
serviços de reparos residenciais,0,4,0%,23.75
preço instalação fechadura eletronica,0,4,0%,24
encanador mais próximo,0,4,0%,24.75
sos encanadores blumenau,0,4,0%,27
troca de lampadas,0,4,0%,28
reparo de valvula de descarga docol,0,4,0%,32.5
serviço de pendurar quadros,0,4,0%,35.75
marido de aluguel novo hamburgo,0,4,0%,36
reforma de cadeira de escritório perto de mim,0,4,0%,36
reparo da válvula docol,0,4,0%,36
empresas de encanamento,0,4,0%,37.75
kit de reparos para cadeiras de escritório,0,4,0%,39.75
quanto custa instalar fechadura eletronica,0,4,0%,39.75
eletricista de casa,0,4,0%,41.5
conserta eletro blumenau,0,4,0%,42.5
serviço eletricista,0,4,0%,45
reparos em geral,0,4,0%,47.5
manutenção e reparos residenciais,0,4,0%,51.5
amortecedor de cadeira giratória,0,4,0%,51.75
suporte secadora de roupas parede,0,4,0%,52.5
eletricista em indaial,0,4,0%,52.75
disjuntor sonoff,0,4,0%,53
marido de aluguel em piracicaba,0,4,0%,53.75
colocação de cortina,0,4,0%,56
servicos eletricista,0,4,0%,58
manutenção de torneira elétrica,0,4,0%,60
reparo elétricos,0,4,0%,60.25
conserto de encanamento,0,4,0%,64.5
instalação de coifas,0,4,0%,64.5
serviço de eletrica residencial,0,4,0%,64.75
marido de aluguel em mogi das cruzes,0,4,0%,67.5
eletricista particular,0,4,0%,69
tomada instalação,0,4,0%,69
o encanador,0,4,0%,71.5
rack blumenau,0,4,0%,72.75
encanador limeira,0,4,0%,76.75
servico de eletrica,0,4,0%,76.75
instalação torneira eletrica,0,4,0%,82.25
servicos de eletricista,0,4,0%,85.25
encanador jaragua do sul,0,4,0%,87.75
como trocar um disjuntor,0,3,0%,1
conserto aquecedor eletrico,0,3,0%,1
conserto forno,0,3,0%,1
handyman companies near me,0,3,0%,1
instalação de fogao,0,3,0%,1
local plumber,0,3,0%,1
manutenção de tv perto de mim,0,3,0%,1
olhomagico,0,3,0%,1
quem troca chuveiro eletricista ou encanador,0,3,0%,1
resistencia do chuveiro,0,3,0%,1
resistências para chuveiro,0,3,0%,1
serviço de pedreiro em santa catarina,0,3,0%,1
instalador,0,3,0%,1.33
manutenção eletrica predial,0,3,0%,1.33
marido de aluguel montador de moveis,0,3,0%,1.33
resistência queimada,0,3,0%,1.33
colocador de cortina,0,3,0%,1.67
conserto de fechadura eletrônica,0,3,0%,1.67
encanador gaspar,0,3,0%,1.67
manutenção de persianas perto de mim,0,3,0%,1.67
aluguel ar condicionado,0,3,0%,2
ar condicionado portatil aluguel,0,3,0%,2
assistência técnica ibbl perto de mim,0,3,0%,2
elétrica abertos agora,0,3,0%,2
engenheiro eletricista,0,3,0%,2
fix],0,3,0%,2
limpeza fogão,0,3,0%,2
manutenções,0,3,0%,2
atual marido de aluguel,0,3,0%,2.33
como trocar o sifão da pia do banheiro,0,3,0%,2.33
fix sc,0,3,0%,2.33
fix soluções,0,3,0%,2.33
serviços de manutenção residencial,0,3,0%,2.33
marido de aluguel prestador de serviço,0,3,0%,2.67
onde consertar,0,3,0%,2.67
telefone fix,0,3,0%,2.67
empresa que instala fechadura eletronica,0,3,0%,3
como trocar a válvula da descarga,0,3,0%,3.33
contratar eletricista,0,3,0%,3.33
conserto de eletrodomésticos,0,3,0%,3.67
manutenção de fogão perto de mim,0,3,0%,3.67
marido de alugeul,0,3,0%,3.67
serviços de automação residencial,0,3,0%,3.67
técnico tv a domicilio,0,3,0%,3.67
conseto,0,3,0%,4
marido.de.aluguel,0,3,0%,4
pumbler,0,3,0%,4
blumenau,0,3,0%,4.33
conserto forno elétrico,0,3,0%,4.33
fixar,0,3,0%,4.33
instalação de fechadura eletrônica,0,3,0%,4.33
marudo de aluguel,0,3,0%,4.33
painel blumenau,0,3,0%,4.33
homens de aluguel,0,3,0%,4.67
eletrica perto de mim,0,3,0%,5
eletricista automação residencial,0,3,0%,5
eletrônica de tv,0,3,0%,5
manutencao coifa,0,3,0%,5
oficina de tv perto de mim,0,3,0%,5
pequenos reparos em casa,0,3,0%,5
consertos de cadeira de escritório,0,3,0%,5.33
em blumenau,0,3,0%,5.33
emergency plumber,0,3,0%,5.33
manutenção do lar,0,3,0%,5.33
reparo de torneiras,0,3,0%,5.33
resistência para chuveiro,0,3,0%,5.33
colocador de cortinas,0,3,0%,5.67
concerto de cadeira de escritorio,0,3,0%,5.67
concerto de chuveiro,0,3,0%,5.67
conserto caixa acoplada,0,3,0%,5.67
eletricista comercial,0,3,0%,5.67
elétricista residencial,0,3,0%,5.67
instalador hidráulico,0,3,0%,5.67
manutenção de coifas residenciais,0,3,0%,5.67
conserto de aquecedor portatil,0,3,0%,6
conserto de cadeiras gamer,0,3,0%,6
"eletricista dentro de 1,6 km",0,3,0%,6
eltricista,0,3,0%,6
encanamentos,0,3,0%,6
instalação de fechadura eletronica perto de mim,0,3,0%,6
marido de aluguel marceneiro,0,3,0%,6
onde encontrar resistência de chuveiro,0,3,0%,6
quem troca chuveiro é eletricista,0,3,0%,6
eletricista ventilador de teto,0,3,0%,6.33
conserto da cadeira,0,3,0%,6.67
encanador 24 horas,0,3,0%,6.67
troca de luz,0,3,0%,6.67
aluguel ar condicionado portatil,0,3,0%,7
conserta cadeiras de escritorio,0,3,0%,7
conserto de chuveiro eletrico,0,3,0%,7
elétrica mais próximo de mim,0,3,0%,7
fixo,0,3,0%,7
conserto torneira eletrica,0,3,0%,7.33
eletriscista,0,3,0%,7.33
manutenção elétrica residencial,0,3,0%,7.33
eletricista ar condicionado,0,3,0%,7.67
eletricista por perto,0,3,0%,7.67
eletrocista,0,3,0%,7.67
incanador,0,3,0%,7.67
instalador de triturador de alimentos,0,3,0%,7.67
instalador de varal de teto perto de mim,0,3,0%,7.67
onde consertar tv,0,3,0%,7.67
serviços de hidraulica,0,3,0%,7.67
armarios de banheiro,0,3,0%,8
instalador persiana,0,3,0%,8
instalar secadora,0,3,0%,8
reforma cadeiras,0,3,0%,8
como instalar sonoff,0,3,0%,8.33
tecnico persianas,0,3,0%,8.33
conserto de home theater,0,3,0%,8.67
eletrecusta,0,3,0%,8.67
lugar que conserta,0,3,0%,8.67
ma instala blumenau,0,3,0%,8.67
manutenção de tvs,0,3,0%,8.67
mecanico eletricista,0,3,0%,8.67
serviço de hidráulica,0,3,0%,8.67
técnico de tv que atende a domicílio,0,3,0%,8.67
preciso de um encanador,0,3,0%,9
serviços eletricos residenciais,0,3,0%,9
arruma tv perto de mim,0,3,0%,9.33
consertos de,0,3,0%,9.33
encanador bem avaliados,0,3,0%,9.33
para que marido,0,3,0%,9.33
conserto de tv a domicílio,0,3,0%,9.67
assistência técnica de televisão,0,3,0%,10
reparo de televisao,0,3,0%,10
serviço hidráulica,0,3,0%,10
encanadora,0,3,0%,10.33
instalador de antenas perto de mim,0,3,0%,10.33
trocar resistência chuveiro,0,3,0%,10.33
instalador coifa,0,3,0%,10.67
secadora de roupas instalação,0,3,0%,10.67
assistência para tv,0,3,0%,11
conserto de secador de cabelo perto de mim,0,3,0%,11
reparos hidráulicos,0,3,0%,11
concerto tv,0,3,0%,11.33
onde arruma tv,0,3,0%,11.67
troca de sifao,0,3,0%,12
valor de troca de disjuntor,0,3,0%,13.33
conserto de exaustor de cozinha,0,3,0%,15.67
instalador de exaustor,0,3,0%,17.67
curso de eletricista em blumenau,0,3,0%,19.33
colocação de coifa na vila nova vonceição,0,3,0%,21
eletrecista perto de mim,0,3,0%,21.33
reparo de cadeiras de escritório,0,3,0%,21.67
reforma cadeiras escritorio,0,3,0%,24.67
troca de interruptor,0,3,0%,24.67
reparo de torneira,0,3,0%,25.33
instalação de coifa na cidade jardim,0,3,0%,27
ar condicionado manutenção,0,3,0%,27.33
reformas de cadeiras de escritório,0,3,0%,28.33
reparo descarga docol,0,3,0%,28.67
reparo de válvula docol,0,3,0%,31
encanador de água,0,3,0%,34.67
encanador em canasvieiras,0,3,0%,37.33
tabela de preços de pequenos reparos residenciais,0,3,0%,38
encanador eletricista,0,3,0%,39.67
conserto de tomadas,0,3,0%,42
marido de aluguel caldas novas,0,3,0%,42
instalação ar condicionado,0,3,0%,42.67
instalação de coifa,0,3,0%,43.67
manutenção cadeira de escritorio,0,3,0%,46.33
instalação de tv no painel,0,3,0%,47.67
torneira alexa,0,3,0%,49.33
marido de aluguel tabela de preços,0,3,0%,50.67
serviço de encanação,0,3,0%,51.33
instalador de televisores,0,3,0%,52
serviço de eletrica,0,3,0%,54
eletricista para casa,0,3,0%,54.33
conserto cadeiras de escritorio,0,3,0%,55.67
bate papo blumenau,0,3,0%,57.33
marido de aluguel fortaleza,0,3,0%,63
encanador o que faz,0,3,0%,64.67
marido de aluguel são josé sc,0,3,0%,64.67
instalação de fechadura eletrônica digital,0,3,0%,66
quanto custa instalar uma fechadura eletrônica,0,3,0%,66
marcenaria blumenau,0,3,0%,66.33
caça vazamentos em blumenau,0,3,0%,70.67
numero de eletricista,0,3,0%,71
elétrica blumenau,0,3,0%,75
lâmpada para piscina,0,3,0%,75.67
electricista a domicilio,0,3,0%,76
troca resistência chuveiro,0,3,0%,77
marido de aluguel em campinas,0,3,0%,79
serviço eletrico residencial,0,3,0%,79
electricista urgente,0,3,0%,81.33
eletricista pertode mim,0,3,0%,82.67
varal de teto instalado,0,3,0%,87
instalacao de persianas,0,3,0%,88.67
sistema de interruptor,0,3,0%,89.33
depurador instalado,0,3,0%,90.33
iluminação led para piscinas,0,3,0%,92
instalação da coifa,0,3,0%,95.33
eletrecista 24 horas,0,3,0%,99
affordable plumbers near me,0,2,0%,1
aluguel de aquecedor,0,2,0%,1
appliance installation services near me,0,2,0%,1
automação residencial,0,2,0%,1
avaliações sobre mirin ps encanador,0,2,0%,1
casa do eletricista,0,2,0%,1
como colocar secadora de roupas na parede,0,2,0%,1
como trabalhar de marido de aluguel,0,2,0%,1
conserto de ar condicionado blumenau,0,2,0%,1
conserto eletrodomésticos perto de mim,0,2,0%,1
electricians near me,0,2,0%,1
eletricista para chuveiro,0,2,0%,1
empresa de pequenos reparos residenciais,0,2,0%,1
faz tudo serviços,0,2,0%,1
handyman repair,0,2,0%,1
home service,0,2,0%,1
instalador de fogão,0,2,0%,1
instalação de split,0,2,0%,1
instalação fechadura eletronica,0,2,0%,1
local handyman services near me,0,2,0%,1
local plumbers,0,2,0%,1
manutenção de divisórias,0,2,0%,1
manutenção de fogão residencial,0,2,0%,1
manutenção de forno eletrico,0,2,0%,1
manutenção de porta,0,2,0%,1
manutenção janelas,0,2,0%,1
marido de aluguel em itajai,0,2,0%,1
montador de fechadura eletronica,0,2,0%,1
o que é um marido de aluguel,0,2,0%,1
olho magic,0,2,0%,1
onde conserta,0,2,0%,1
plumbing companies,0,2,0%,1
plumbing company,0,2,0%,1
plumbing contractors near me,0,2,0%,1
reparação,0,2,0%,1
reparo hidraulico,0,2,0%,1
resistencia chuveira,0,2,0%,1
resistência queimada lorenzetti,0,2,0%,1
tomada coifa altura,0,2,0%,1
técnico em fogão,0,2,0%,1
window installation services near me,0,2,0%,1
"""plumber""",0,2,0%,1.5
assistência técnica tv samsung,0,2,0%,1.5
coifa ou exaustor,0,2,0%,1.5
como instalar coifa com exaustor,0,2,0%,1.5
depurador ou coifa,0,2,0%,1.5
lugar que arruma,0,2,0%,1.5
plumbing services,0,2,0%,1.5
reforma de cadeira de escritorio,0,2,0%,1.5
serviços de manutenção em geral,0,2,0%,1.5
altura de tomada para depurador,0,2,0%,2
como trocar sifão da pia,0,2,0%,2
conserto forno eletrico perto de mim,0,2,0%,2
eletricista empresarial,0,2,0%,2
empresa de reformas,0,2,0%,2
encanador varzea paulista,0,2,0%,2
instalador de pia,0,2,0%,2
limpeza fogao,0,2,0%,2
marido de aluguel telefone,0,2,0%,2
montador de persiana,0,2,0%,2
onde arrumar,0,2,0%,2
onde consertar pisca pisca,0,2,0%,2
serviço de canalização,0,2,0%,2
drain cleaning,0,2,0%,2.5
eletricista poste,0,2,0%,2.5
marido de akuguel,0,2,0%,2.5
servicos marido de aluguel,0,2,0%,2.5
trocar sifao pia,0,2,0%,2.5
aonde arruma,0,2,0%,3
eletricista chuveiro eletrico,0,2,0%,3
instalacao de tv,0,2,0%,3
reparos e manutenção,0,2,0%,3
serviços manutenção residencial,0,2,0%,3
trocar sifão de pia,0,2,0%,3
trocar valvula de descarga,0,2,0%,3
como tirar sifão colado,0,2,0%,3.5