Data,Cliques,Impressões,CTR,Posição
2025-05-27,2,328,0.61%,11.6
2025-05-28,7,272,2.57%,13.2
2025-05-29,11,285,3.86%,13.5
2025-05-30,7,256,2.73%,15.5
2025-05-31,2,204,0.98%,14.8
2025-06-01,4,218,1.83%,21
2025-06-02,5,301,1.66%,12.6
2025-06-03,5,451,1.11%,33.7
2025-06-04,10,714,1.4%,48.5
2025-06-05,3,272,1.1%,12.6
2025-06-06,5,257,1.95%,11.1
2025-06-07,3,174,1.72%,15.6
2025-06-08,1,231,0.43%,18.8
2025-06-09,5,324,1.54%,11.7
2025-06-10,2,314,0.64%,11.2
2025-06-11,8,287,2.79%,11.3
2025-06-12,3,230,1.3%,10.5
2025-06-13,4,245,1.63%,13.6
2025-06-14,1,158,0.63%,14.6
2025-06-15,2,172,1.16%,18.2
2025-06-16,5,316,1.58%,11.4
2025-06-17,4,274,1.46%,12.5
2025-06-18,5,256,1.95%,12.3
2025-06-19,2,204,0.98%,12.3
2025-06-20,2,222,0.9%,9.6
2025-06-21,2,189,1.06%,21.1
2025-06-22,2,170,1.18%,20
2025-06-23,2,252,0.79%,11.4
2025-06-24,4,278,1.44%,9.3
2025-06-25,3,266,1.13%,9.9
2025-06-26,4,266,1.5%,11.9
2025-06-27,6,255,2.35%,9.9
2025-06-28,3,169,1.78%,14.5
2025-06-29,4,192,2.08%,21.2
2025-06-30,3,328,0.91%,9.7
2025-07-01,10,306,3.27%,11.6
2025-07-02,6,410,1.46%,23.6
2025-07-03,9,570,1.58%,33.5
2025-07-04,2,264,0.76%,8.7
2025-07-05,2,189,1.06%,10.8
2025-07-06,1,166,0.6%,20.6
2025-07-07,4,227,1.76%,8.4
2025-07-08,9,277,3.25%,10.2
2025-07-09,9,326,2.76%,7.9
2025-07-10,7,269,2.6%,10.3
2025-07-11,6,250,2.4%,6.9
2025-07-12,7,169,4.14%,14.5
2025-07-13,4,181,2.21%,21.1
2025-07-14,9,275,3.27%,8.3
2025-07-15,7,252,2.78%,10
2025-07-16,5,284,1.76%,8.9
2025-07-17,7,248,2.82%,10.4
2025-07-18,9,235,3.83%,12.5
2025-07-19,0,141,0%,12.5
2025-07-20,2,188,1.06%,20
2025-07-21,6,310,1.94%,9.3
2025-07-22,7,274,2.55%,10.2
2025-07-23,5,281,1.78%,14.7
2025-07-24,4,269,1.49%,15.5
2025-07-25,5,306,1.63%,23.2
2025-07-26,3,153,1.96%,13.5
2025-07-27,1,188,0.53%,22.8
2025-07-28,9,285,3.16%,12.5
2025-07-29,5,319,1.57%,15.6
2025-07-30,7,282,2.48%,15.6
2025-07-31,4,243,1.65%,13.9
2025-08-01,2,203,0.99%,16.3
2025-08-02,3,210,1.43%,15.2
2025-08-03,3,167,1.8%,21.5
2025-08-04,6,719,0.83%,43.3
2025-08-05,6,534,1.12%,40.9
2025-08-06,4,239,1.67%,15.9
2025-08-07,10,249,4.02%,11.6
2025-08-08,3,264,1.14%,15.3
2025-08-09,1,176,0.57%,18.4
2025-08-10,2,202,0.99%,25.7
2025-08-11,9,315,2.86%,16.3
2025-08-12,3,340,0.88%,17.9
2025-08-13,7,274,2.55%,17.9
2025-08-14,5,285,1.75%,20.6
2025-08-15,5,272,1.84%,19.3
2025-08-16,6,156,3.85%,23.9
2025-08-17,2,214,0.93%,24.7
2025-08-18,6,308,1.95%,16.9
2025-08-19,6,297,2.02%,16.4
2025-08-20,3,279,1.08%,15.7
2025-08-21,2,262,0.76%,17.5
2025-08-22,6,323,1.86%,16.1
2025-08-23,4,190,2.11%,22.5
2025-08-24,3,352,0.85%,39.7
2025-08-25,10,296,3.38%,14.7
2025-08-26,5,290,1.72%,20.9
2025-08-27,2,261,0.77%,17.6
2025-08-28,4,288,1.39%,23.7
2025-08-29,2,334,0.6%,22.7
2025-08-30,2,191,1.05%,27.9
2025-08-31,2,173,1.16%,32.6
2025-09-01,3,334,0.9%,27.6
2025-09-02,3,668,0.45%,53.2
2025-09-03,3,576,0.52%,42.2
2025-09-04,3,370,0.81%,30.3
2025-09-05,3,308,0.97%,26.6
2025-09-06,2,265,0.75%,33.1
2025-09-07,0,225,0%,32.7
2025-09-08,9,333,2.7%,19.8
2025-09-09,5,323,1.55%,25.7
2025-09-10,5,315,1.59%,20
2025-09-11,9,315,2.86%,20.9
2025-09-12,5,219,2.28%,16
2025-09-13,1,107,0.93%,12
2025-09-14,0,147,0%,22.1
2025-09-15,6,270,2.22%,10
2025-09-16,9,246,3.66%,7.2
2025-09-17,10,224,4.46%,8.2
2025-09-18,2,295,0.68%,9.5
2025-09-19,5,235,2.13%,11.2
2025-09-20,0,107,0%,8.5
2025-09-21,2,110,1.82%,10.7
2025-09-22,5,239,2.09%,7.4
2025-09-23,5,237,2.11%,6.4
2025-09-24,3,197,1.52%,7.5
2025-09-25,3,180,1.67%,8.8
2025-09-26,2,180,1.11%,8.7
2025-09-27,0,141,0%,9.2
2025-09-28,3,133,2.26%,16.2
2025-09-29,7,249,2.81%,9.3
2025-09-30,4,239,1.67%,7.5
2025-10-01,4,254,1.57%,7.9
2025-10-02,5,236,2.12%,9.8
2025-10-03,3,187,1.6%,7.9
2025-10-04,3,128,2.34%,8.9
2025-10-05,2,130,1.54%,13
2025-10-06,8,246,3.25%,7.7
2025-10-07,5,246,2.03%,8.5
2025-10-08,4,183,2.19%,9
2025-10-09,0,150,0%,10.7
2025-10-10,4,160,2.5%,8.1
2025-10-11,3,133,2.26%,10.5
2025-10-12,2,129,1.55%,13.1
2025-10-13,7,214,3.27%,6.7
2025-10-14,0,213,0%,8.1
2025-10-15,4,201,1.99%,9.3
2025-10-16,2,158,1.27%,9.2
2025-10-17,2,172,1.16%,8.4
2025-10-18,1,122,0.82%,9.7
2025-10-19,4,125,3.2%,15.7
2025-10-20,5,204,2.45%,9.6
2025-10-21,3,187,1.6%,10.9
2025-10-22,3,211,1.42%,9.6
2025-10-23,1,217,0.46%,11
2025-10-24,4,194,2.06%,9
2025-10-25,3,139,2.16%,7.4
2025-10-26,2,115,1.74%,13.6
2025-10-27,4,238,1.68%,7.7
2025-10-28,1,224,0.45%,9.5
2025-10-29,6,223,2.69%,7.9
2025-10-30,3,210,1.43%,8.8
2025-10-31,4,213,1.88%,12.7
2025-11-01,2,121,1.65%,9.9
2025-11-02,1,173,0.58%,18.4
2025-11-03,7,242,2.89%,8.2
2025-11-04,2,200,1%,8
2025-11-05,5,219,2.28%,7.6
2025-11-06,7,239,2.93%,9.3
2025-11-07,0,215,0%,7.5
2025-11-08,3,161,1.86%,10.7
2025-11-09,0,161,0%,19
2025-11-10,8,314,2.55%,7.5
2025-11-11,4,298,1.34%,7.6
2025-11-12,6,268,2.24%,7.2
2025-11-13,6,258,2.33%,9.8
2025-11-14,6,226,2.65%,8.4
2025-11-15,5,144,3.47%,9.8
2025-11-16,1,250,0.4%,26.2
2025-11-17,8,293,2.73%,7.5
2025-11-18,4,281,1.42%,8.5
2025-11-19,1,203,0.49%,7.3
2025-11-20,1,192,0.52%,10.1
2025-11-21,2,241,0.83%,8.8
2025-11-22,1,171,0.58%,10.2
2025-11-23,1,217,0.46%,22.9
2025-11-24,5,246,2.03%,12.3
2025-11-25,5,239,2.09%,10.5
2025-11-26,2,257,0.78%,10.4
2025-11-27,4,255,1.57%,12.2
2025-11-28,2,194,1.03%,14.5
2025-11-29,3,145,2.07%,13.4
2025-11-30,1,164,0.61%,19.9
2025-12-01,9,336,2.68%,10.2
2025-12-02,7,285,2.46%,8.6
2025-12-03,2,296,0.68%,9.8
2025-12-04,2,266,0.75%,8.7
2025-12-05,5,242,2.07%,11
2025-12-06,3,157,1.91%,11.2
2025-12-07,3,238,1.26%,16.1
2025-12-08,8,340,2.35%,8.5
2025-12-09,5,314,1.59%,10.5
2025-12-10,7,321,2.18%,10.2
2025-12-11,4,280,1.43%,12.2
2025-12-12,3,193,1.55%,10.4
2025-12-13,4,217,1.84%,9
2025-12-14,1,217,0.46%,14.3
2025-12-15,3,425,0.71%,6.4
2025-12-16,4,330,1.21%,7
2025-12-17,7,395,1.77%,7.2
2025-12-18,2,370,0.54%,6.4
2025-12-19,2,296,0.68%,10.4
2025-12-20,2,223,0.9%,9.9
2025-12-21,1,260,0.38%,14.6
2025-12-22,2,445,0.45%,16.4
2025-12-23,1,302,0.33%,9.8
2025-12-24,1,186,0.54%,10.3
2025-12-25,1,179,0.56%,10.7
2025-12-26,1,301,0.33%,9.2
2025-12-27,1,284,0.35%,9.6
2025-12-28,2,360,0.56%,11.5
2025-12-29,4,425,0.94%,8.7
2025-12-30,1,309,0.32%,8.8
2025-12-31,1,214,0.47%,11
2026-01-01,0,205,0%,12.7
2026-01-02,2,344,0.58%,9.4
2026-01-03,0,297,0%,7.8
2026-01-04,1,304,0.33%,11.2
2026-01-05,6,439,1.37%,7.3
2026-01-06,3,512,0.59%,7.1
2026-01-07,9,474,1.9%,6
2026-01-08,6,423,1.42%,6.7
2026-01-09,6,473,1.27%,8
2026-01-10,1,253,0.4%,11.9
2026-01-11,3,211,1.42%,12.8
2026-01-12,3,406,0.74%,10
2026-01-13,8,336,2.38%,10.5
2026-01-14,8,349,2.29%,10.5
2026-01-15,9,357,2.52%,12.3
2026-01-16,3,274,1.09%,11.5
2026-01-17,3,216,1.39%,15.7
2026-01-18,3,270,1.11%,28.1
2026-01-19,7,394,1.78%,12.8
2026-01-20,6,342,1.75%,12.2
2026-01-21,5,314,1.59%,12.2
2026-01-22,6,355,1.69%,12.5
2026-01-23,3,267,1.12%,11
2026-01-24,4,205,1.95%,15.4
2026-01-25,2,177,1.13%,20.1
2026-01-26,6,323,1.86%,11.5
2026-01-27,8,373,2.14%,11.4
2026-01-28,4,308,1.3%,11.5
2026-01-29,5,292,1.71%,12
2026-01-30,2,238,0.84%,13.8
2026-01-31,2,191,1.05%,15
2026-02-01,4,170,2.35%,22
2026-02-02,3,268,1.12%,13.8
2026-02-03,8,329,2.43%,9.8
2026-02-04,6,281,2.14%,11.9
2026-02-05,2,318,0.63%,11.5
2026-02-06,1,249,0.4%,14.4
2026-02-07,2,139,1.44%,8.8
2026-02-08,2,155,1.29%,13
2026-02-09,2,347,0.58%,11.2
2026-02-10,7,296,2.36%,11.1
2026-02-11,8,355,2.25%,11.2
2026-02-12,2,328,0.61%,13.6
2026-02-13,4,249,1.61%,11.2
2026-02-14,3,182,1.65%,14.4
2026-02-15,3,173,1.73%,15.5
2026-02-16,3,334,0.9%,10.1
2026-02-17,3,249,1.2%,13.9
2026-02-18,9,326,2.76%,14.1
2026-02-19,7,271,2.58%,13.8
2026-02-20,7,288,2.43%,11.4
2026-02-21,4,209,1.91%,13.3
2026-02-22,2,153,1.31%,17
2026-02-23,4,244,1.64%,10.9
2026-02-24,8,302,2.65%,11.5
2026-02-25,3,261,1.15%,13.5
2026-02-26,7,283,2.47%,17.4
2026-02-27,3,203,1.48%,18.3
2026-02-28,0,178,0%,18.5
2026-03-01,2,180,1.11%,23.4
2026-03-02,7,284,2.46%,14.3
2026-03-03,6,265,2.26%,11.8
2026-03-04,3,259,1.16%,9.3
2026-03-05,6,286,2.1%,9.3
2026-03-06,8,283,2.83%,8.7
2026-03-07,2,165,1.21%,12.2
2026-03-08,3,114,2.63%,14.3
2026-03-09,4,345,1.16%,8.6
2026-03-10,13,320,4.06%,9.1
2026-03-11,5,262,1.91%,10.8
2026-03-12,8,311,2.57%,12.5
2026-03-13,2,231,0.87%,10.2
2026-03-14,2,137,1.46%,17.6
2026-03-15,1,167,0.6%,24.7
2026-03-16,5,288,1.74%,10.9
2026-03-17,3,268,1.12%,12.1
2026-03-18,10,234,4.27%,12.2
2026-03-19,2,279,0.72%,12.6
2026-03-20,2,200,1%,9.8
2026-03-21,2,137,1.46%,12.2
2026-03-22,3,142,2.11%,14.1
2026-03-23,4,285,1.4%,9.2
2026-03-24,3,258,1.16%,9.3
2026-03-25,6,401,1.5%,6.8
2026-03-26,12,272,4.41%,10.5
2026-03-27,4,240,1.67%,8.6
2026-03-28,3,183,1.64%,14.8
2026-03-29,3,118,2.54%,13.6
2026-03-30,5,286,1.75%,9.2
2026-03-31,1,199,0.5%,11.9
2026-04-01,7,249,2.81%,9.8
2026-04-02,3,206,1.46%,11.4
2026-04-03,2,108,1.85%,12.1
2026-04-04,3,183,1.64%,12.8
2026-04-05,2,134,1.49%,12.4
2026-04-06,2,263,0.76%,10.1
2026-04-07,7,224,3.12%,10.8
2026-04-08,3,210,1.43%,11.3
2026-04-09,4,191,2.09%,10.7
2026-04-10,2,172,1.16%,9.7
2026-04-11,3,159,1.89%,16.2
2026-04-12,3,123,2.44%,13.7
2026-04-13,4,230,1.74%,9.4
2026-04-14,4,194,2.06%,11.1
2026-04-15,1,250,0.4%,10.3
2026-04-16,2,179,1.12%,14
2026-04-17,4,192,2.08%,11.5
2026-04-18,0,151,0%,14.3
2026-04-19,1,94,1.06%,18
2026-04-20,4,229,1.75%,10.4
2026-04-21,3,172,1.74%,11.7
2026-04-22,4,211,1.9%,11.7
2026-04-23,3,201,1.49%,11.1
2026-04-24,5,201,2.49%,11.1
2026-04-25,1,171,0.58%,16.7
2026-04-26,2,134,1.49%,17.3
2026-04-27,4,260,1.54%,9.9
2026-04-28,3,240,1.25%,12.6
2026-04-29,5,185,2.7%,10.2
2026-04-30,1,179,0.56%,7.7
2026-05-01,6,155,3.87%,19.1
2026-05-02,1,170,0.59%,11.6
2026-05-03,1,125,0.8%,12.2
2026-05-04,1,247,0.4%,9.6
2026-05-05,2,217,0.92%,9.2
2026-05-06,5,257,1.95%,9.7
2026-05-07,5,211,2.37%,10.4
2026-05-08,1,233,0.43%,8.7
2026-05-09,2,170,1.18%,15.9
2026-05-10,0,143,0%,13.8
2026-05-11,5,342,1.46%,9.4
2026-05-12,4,266,1.5%,9.9
2026-05-13,8,286,2.8%,9.9
2026-05-14,7,215,3.26%,11.6
2026-05-15,0,234,0%,11.6
2026-05-16,3,197,1.52%,16.8
2026-05-17,1,249,0.4%,20.1
2026-05-18,2,219,0.91%,10.6
2026-05-19,7,308,2.27%,8.4
2026-05-20,5,274,1.82%,10.2
2026-05-21,5,226,2.21%,10.4
2026-05-22,1,219,0.46%,11.1
2026-05-23,1,168,0.6%,14
2026-05-24,1,162,0.62%,11.5
2026-05-25,6,301,1.99%,8
2026-05-26,6,276,2.17%,9.8
2026-05-27,2,247,0.81%,9.5
2026-05-28,7,238,2.94%,10.3
2026-05-29,1,199,0.5%,10.9
2026-05-30,1,221,0.45%,13
2026-05-31,0,143,0%,10.9
2026-06-01,10,321,3.12%,8.6
2026-06-02,5,238,2.1%,7.9
2026-06-03,4,215,1.86%,8.2
2026-06-04,3,162,1.85%,9.1
2026-06-05,7,272,2.57%,9.5
2026-06-06,1,222,0.45%,14.3
2026-06-07,1,141,0.71%,11.7
2026-06-08,5,316,1.58%,7.6
2026-06-09,6,343,1.75%,9.2
2026-06-10,5,287,1.74%,9.1
2026-06-11,2,224,0.89%,9.6
2026-06-12,7,287,2.44%,10
2026-06-13,1,175,0.57%,17
2026-06-14,2,164,1.22%,12.1
2026-06-15,6,318,1.89%,12.3
2026-06-16,6,260,2.31%,10.2
2026-06-17,4,306,1.31%,15.9
2026-06-18,5,247,2.02%,11.1
2026-06-19,2,204,0.98%,11.1
2026-06-20,0,175,0%,14.7
2026-06-21,2,154,1.3%,11.9
2026-06-22,1,312,0.32%,10.4
2026-06-23,2,227,0.88%,11.2
2026-06-24,4,205,1.95%,10.7
2026-06-25,8,216,3.7%,9.8
2026-06-26,0,200,0%,11.1
2026-06-27,2,179,1.12%,14.2
2026-06-28,1,131,0.76%,13.3
2026-06-29,4,215,1.86%,9.2
2026-06-30,4,234,1.71%,9.9
2026-07-01,3,224,1.34%,9.4
2026-07-02,4,229,1.75%,10.4
2026-07-03,4,185,2.16%,10.9
2026-07-04,2,158,1.27%,16.5
2026-07-05,1,82,1.22%,14.5
2026-07-06,11,272,4.04%,8.9
2026-07-07,9,239,3.77%,9.3
2026-07-08,2,199,1.01%,10.2
2026-07-09,6,198,3.03%,10.5
2026-07-10,4,197,2.03%,9.5
2026-07-11,2,149,1.34%,14.7
2026-07-12,2,96,2.08%,11.8
2026-07-13,3,245,1.22%,9.5
2026-07-14,3,231,1.3%,9.2
2026-07-15,4,225,1.78%,14.8
2026-07-16,5,253,1.98%,14.6
2026-07-17,4,133,3.01%,10.8
2026-07-18,3,135,2.22%,14.9
2026-07-19,1,143,0.7%,18.3
2026-07-20,5,235,2.13%,10.4
2026-07-21,3,169,1.78%,8.5
2026-07-22,4,210,1.9%,7.5
2026-07-23,6,175,3.43%,8.6
2026-07-24,2,183,1.09%,8.3
2026-07-25,5,138,3.62%,13.1
2026-07-26,3,103,2.91%,10.9
2026-07-27,5,202,2.48%,9.8
2026-07-28,1,183,0.55%,8.7
2026-07-29,5,177,2.82%,8.9
2026-07-30,3,172,1.74%,9
2026-07-31,3,159,1.89%,10.6
2026-08-01,0,143,0%,16.8
2026-08-02,3,95,3.16%,13
2026-08-03,8,324,2.47%,17.3
2026-08-04,1,187,0.53%,8.8
2026-08-05,4,196,2.04%,10.8
2026-08-06,0,186,0%,8.6
2026-08-07,1,121,0.83%,10.6
2026-08-08,1,140,0.71%,16
2026-08-09,2,92,2.17%,10.5
2026-08-10,3,172,1.74%,10.8
2026-08-11,1,162,0.62%,10.5
2026-08-12,2,178,1.12%,10
2026-08-13,5,179,2.79%,11.6
2026-08-14,1,191,0.52%,9.8
2026-08-15,1,185,0.54%,13.5
2026-08-16,3,114,2.63%,14.2
2026-08-17,6,220,2.73%,9.7
2026-08-18,4,192,2.08%,10.7
2026-08-19,2,181,1.1%,10
2026-08-20,6,193,3.11%,9.1
2026-08-21,6,141,4.26%,8.3
2026-08-22,1,122,0.82%,12.4
2026-08-23,2,74,2.7%,12.4
2026-08-24,6,196,3.06%,7.4
2026-08-25,4,175,2.29%,8.7
2026-08-26,8,179,4.47%,10.4
2026-08-27,2,169,1.18%,8.7
2026-08-28,2,191,1.05%,9.2
2026-08-29,2,156,1.28%,13.4
2026-08-30,1,106,0.94%,10.4
2026-08-31,6,231,2.6%,7.2
2026-09-01,1,214,0.47%,7.6
2026-09-02,3,283,1.06%,15.3
2026-09-03,6,217,2.76%,8.5
2026-09-04,2,189,1.06%,7.8
2026-09-05,1,159,0.63%,10.1
2026-09-06,0,116,0%,12
2026-09-07,3,123,2.44%,9.1
2026-09-08,7,267,2.62%,8.1
2026-09-09,6,180,3.33%,8.1
2026-09-10,6,142,4.23%,7.5
2026-09-11,4,115,3.48%,7.5
2026-09-12,5,162,3.09%,8.3
2026-09-13,2,164,1.22%,11.6
2026-09-14,4,232,1.72%,7.1
2026-09-15,4,194,2.06%,7.3
2026-09-16,2,172,1.16%,6.6
2026-09-17,4,174,2.3%,6.9
2026-09-18,4,151,2.65%,6.6
2026-09-19,1,107,0.93%,9.9
2026-09-20,0,111,0%,10.9
2026-09-21,6,160,3.75%,6.6
2026-09-22,3,150,2%,6.9
2026-09-23,1,142,0.7%,7.1
2026-09-24,5,153,3.27%,6.7
2026-09-25,5,125,4%,5.6
2026-09-26,4,71,5.63%,6