País,Cliques,Impressões,CTR,Posição
Brasil,1847,108863,1.7%,12.75
Alemanha,4,79,5.06%,20.92
Estados Unidos,2,3007,0.07%,20.53
Portugal,1,275,0.36%,22.13
Reino Unido,1,176,0.57%,37.17
França,1,49,2.04%,23.31
Países Baixos,1,40,2.5%,27.85
Áustria,1,9,11.11%,15.11
Canadá,0,168,0%,30.98
Vietnã,0,155,0%,34.97
México,0,111,0%,56.14
Índia,0,103,0%,34.54
Rússia,0,101,0%,30.37
Coréia do Sul,0,85,0%,25.75
Itália,0,69,0%,23.41
Argentina,0,58,0%,25.05
Espanha,0,57,0%,27.75
Chile,0,46,0%,39.02
Japão,0,36,0%,27.53
Indonésia,0,36,0%,37.89
Colômbia,0,35,0%,50.46
Filipinas,0,33,0%,27.82
África do Sul,0,30,0%,29.1
Turquia,0,29,0%,17.24
Bangladesh,0,29,0%,36
Equador,0,29,0%,38.59
Peru,0,29,0%,58.76
Romênia,0,28,0%,40.68
Polônia,0,27,0%,36.3
Malásia,0,25,0%,35.04
Irlanda,0,22,0%,17
Taiwan,0,21,0%,20.29
Paraguai,0,20,0%,18.7
Arábia Saudita,0,18,0%,30
Venezuela,0,18,0%,33.06
Ucrânia,0,17,0%,20.12
Egito,0,16,0%,23.12
Suíça,0,16,0%,24.56
Argélia,0,16,0%,45.19
Singapura,0,15,0%,12.4
Grécia,0,15,0%,31.4
Marrocos,0,14,0%,25.29
Austrália,0,14,0%,28.29
Bélgica,0,14,0%,31.93
Tailândia,0,13,0%,33.92
Bolívia,0,13,0%,34.08
Angola,0,12,0%,4.58
Paquistão,0,11,0%,20.18
Noruega,0,11,0%,24.55
Hungria,0,11,0%,29.82
Iraque,0,11,0%,32.36
Nova Zelândia,0,11,0%,36.27
China,0,10,0%,8.9
Suécia,0,10,0%,35.7
Emirados Árabes Unidos,0,10,0%,36.8
Moçambique,0,9,0%,3.44
Irã,0,9,0%,13.56
Uruguai,0,9,0%,15.78
Sérvia,0,9,0%,26.67
Bahamas,0,9,0%,62
Região desconhecida,0,8,0%,32.62
Uzbequistão,0,8,0%,42.25
República Dominicana,0,7,0%,45.14
Costa Rica,0,7,0%,49.14
Cazaquistão,0,6,0%,12.33
Trinidad e Tobago,0,6,0%,17
Moldávia,0,6,0%,17.67
Azerbaijão,0,6,0%,37.83
República Tcheca,0,6,0%,42.33
Panamá,0,6,0%,57.5
Bielorrússia,0,6,0%,82.83
Bósnia e Herzegovina,0,5,0%,5.6
Albânia,0,5,0%,9
Dinamarca,0,5,0%,16.4
Tunísia,0,5,0%,17
Israel,0,5,0%,20.4
Quênia,0,5,0%,26
Bulgária,0,5,0%,26.2
Jamaica,0,5,0%,26.2
Kuwait,0,5,0%,26.6
Jordânia,0,5,0%,33.2
Guatemala,0,5,0%,36.6
Ilhas Maurício,0,4,0%,9
Finlândia,0,4,0%,46.75
Lituânia,0,3,0%,2
Cabo Verde,0,3,0%,8
Nepal,0,3,0%,8.67
Macedônia,0,3,0%,19
Uganda,0,3,0%,21.33
Honduras,0,3,0%,22.67
Gabão,0,3,0%,25.67
Quirguistão,0,3,0%,34.67
Chipre,0,3,0%,55
Nigéria,0,3,0%,57.33
Belize,0,3,0%,59
Letônia,0,3,0%,60
Guiana,0,3,0%,67.33
Malta,0,2,0%,1
Etiópia,0,2,0%,2.5
Síria,0,2,0%,3.5
Maldivas,0,2,0%,6
Hong Kong,0,2,0%,8
Luxemburgo,0,2,0%,11.5
Gana,0,2,0%,14
Mali,0,2,0%,22
Geórgia,0,2,0%,23
Tanzânia,0,2,0%,26
Palestina,0,2,0%,35.5
Omã,0,2,0%,39.5
Granada,0,2,0%,42
Eslovênia,0,2,0%,42.5
Catar,0,2,0%,50.5
Barbados,0,2,0%,54.5
Líbia,0,2,0%,55
Zâmbia,0,2,0%,69.5
Ilhas Cayman,0,2,0%,80.5
Porto Rico,0,2,0%,90
Malauí,0,1,0%,1
Macau,0,1,0%,4
Cuba,0,1,0%,5
Antígua e Barbuda,0,1,0%,8
Congo-Kinshasa,0,1,0%,11
Suriname,0,1,0%,12
Senegal,0,1,0%,13
Estônia,0,1,0%,14
Andorra,0,1,0%,18
Groenlândia,0,1,0%,27
Eslováquia,0,1,0%,29
Barein,0,1,0%,32
St. Martin,0,1,0%,33
Costa do Marfim,0,1,0%,37
Congo-Brazzaville,0,1,0%,39
Burkina Faso,0,1,0%,53
El Salvador,0,1,0%,61
Curaçao,0,1,0%,89
Ilha Mayotte,0,1,0%,91
Mianmar (Birmânia),0,1,0%,95
Seichelles,0,1,0%,95
Zimbábue,0,1,0%,98
Croácia,0,1,0%,99
Santa Lúcia,0,1,0%,100