Páginas principais,Cliques,Impressões,CTR,Posição
https://fixblu.com.br/,703,38121,1.84%,6.77
https://fixblu.com.br/marido-de-aluguel/conserto-cadeira-giratoria-de-escritorio/,216,6549,3.3%,24.1
https://fixblu.com.br/encanador/,161,15064,1.07%,14.35
https://fixblu.com.br/eletricista/,122,21287,0.57%,18.91
https://fixblu.com.br/marido-de-aluguel/instalacao-de-coifa/,99,2449,4.04%,16.87
https://fixblu.com.br/marido-de-aluguel/instalacao-de-fechadura-digital/,84,5633,1.49%,19.61
https://fixblu.com.br/marido-de-aluguel/instalacao-de-tv-em-blumenau/,76,2945,2.58%,8.15
https://fixblu.com.br/eletricista/consertar-a-iluminacao-da-piscina/,61,2324,2.62%,14.31
https://fixblu.com.br/marido-de-aluguel/instalacao-de-persiana/,49,1522,3.22%,16.41
https://fixblu.com.br/eletricista/instalacao-de-chuveiro/,38,2005,1.9%,12.12
https://fixblu.com.br/marido-de-aluguel/instalacao-secadora-de-roupas-de-parede/,34,1935,1.76%,13.16
https://fixblu.com.br/marido-de-aluguel/,32,3804,0.84%,13.56
https://fixblu.com.br/marido-de-aluguel/fixacao-de-varao-de-cortina/,24,877,2.74%,17.04
https://fixblu.com.br/casa-inteligente/,16,598,2.68%,14.36
https://fixblu.com.br/encanador/reparo-valvula-descarga-hydra-docol/,14,2404,0.58%,13.68
https://fixblu.com.br/servicos/,14,1827,0.77%,25.51
https://fixblu.com.br/marido-de-aluguel/troca-dobradica-armario/,14,1432,0.98%,12.13
https://fixblu.com.br/eletricista/troca-de-resistencia-de-chuveiro-queimado/,13,1574,0.83%,9.84
https://fixblu.com.br/marido-de-aluguel/instalacao-de-home-theater/,11,493,2.23%,10.75
https://fixblu.com.br/casa-inteligente/instalar-interruptor-sonoff/,10,1753,0.57%,10.48
https://fixblu.com.br/eletricista/instalacao-de-luminaria/,9,608,1.48%,40.56
https://fixblu.com.br/marido-de-aluguel/fixacao-de-quadros/,9,233,3.86%,9.62
https://fixblu.com.br/encanador/instalacao-de-torneira-eletrica/,8,873,0.92%,16.84
https://fixblu.com.br/casa-inteligente/instalacao-interruptor-inteligente/,8,572,1.4%,15.84
https://fixblu.com.br/encanador/instalacao-de-torneira/,6,629,0.95%,11.5
https://fixblu.com.br/marido-de-aluguel/instalacao-barra-para-banheiro/,6,177,3.39%,13.75
https://fixblu.com.br/marido-de-aluguel/instalacao-painel-rack-para-tv/,5,975,0.51%,34.33
https://fixblu.com.br/marido-de-aluguel/instalacao-kit-de-banheiro/,5,251,1.99%,15.15
https://fixblu.com.br/marido-de-aluguel/instalacao-de-olho-magico/,4,4410,0.09%,2.87
https://fixblu.com.br/contato/,4,1450,0.28%,6.94
https://fixblu.com.br/encanador/conserto-de-descarga-em-caixa-acoplada/,4,693,0.58%,15.25
https://fixblu.com.br/eletricista/troca-de-disjuntor/,4,533,0.75%,18.59
https://fixblu.com.br/eletricista/troca-de-tomada/,3,489,0.61%,19.34
https://fixblu.com.br/eletricista/troca-de-lampadas/,2,278,0.72%,9.2
https://fixblu.com.br/marido-de-aluguel/fixacao-espelho-de-banheiro/,2,129,1.55%,14.9
https://fixblu.com.br/marido-de-aluguel/instalacao-varal-de-teto/,1,586,0.17%,23.52
https://fixblu.com.br/politica-de-privacidade/,1,246,0.41%,8.72
https://fixblu.com.br/marido-de-aluguel/troca-de-assento-sanitario/,1,107,0.93%,12.67
https://fixblu.com.br/encanador/troca-de-sifao/,0,611,0%,7.69
https://fixblu.com.br/eletricista/instalacao-de-dps/,0,510,0%,10.24
https://fixblu.com.br/encanador/troca-ralo-de-pia/,0,218,0%,8.95
https://fixblu.com.br/eletricista/consertar-a-iluminacao-da-piscina/),0,1,0%,1
https://fixblu.com.br/marido-de-aluguel/instalacao-coifa/,0,1,0%,1
https://fixblu.com.br/avaliar,0,1,0%,14
https://fixblu.com.br/wp-content/uploads/2020/04/rack-painel-tv-540x300-1.jpg,0,1,0%,15
https://fixblu.com.br/wp-content/uploads/2020/04/eletricista-blumenau-540x300-2.jpg,0,1,0%,23
https://fixblu.com.br/wp-content/uploads/2020/04/varao-cortina-540x300-1.jpg.webp,0,1,0%,24